INSERT INTO customer (c_id, c_name, c_gender, c_email, c_password) VALUES
    ('C0000001', 'Budi Santoso', 'M', 'budi.s@email.com', 'pass123'),
    ('C0000002', 'Dewi Lestari', 'F', 'dewi.lestari@email.com', 'pass123'),
    ('C0000003', 'Agus Setiawan', 'M', 'agus.s@email.com', 'pass123'),
    ('C0000004', 'Siti Aminah', 'F', 'siti.aminah@email.com', 'pass123'),
    ('C0000005', 'Eko Prasetyo', 'M', 'eko.p@email.com', 'pass123'),
    ('C0000006', 'Fitriani', 'F', 'fitriani.com', 'pass123'),
    ('C0000007', 'Rizky Maulana', 'M', 'rizky.m@email.com', 'pass123'),
    ('C0000008', 'Putri Wulandari', 'F', 'putri.w@email.com', 'pass123'),
    ('C0000009', 'Ahmad Fauzi', 'M', 'ahmad.f@email.com', 'pass123'),
    ('C0000010', 'Sri Wahyuni', 'F', 'sri.w@email.com', 'pass123'),
    ('C0000011', 'Hadi Nugroho', 'M', 'hadi.n@email.com', 'pass123'),
    ('C0000012', 'Indah Permata', 'F', 'indah.p@email.com', 'pass123'),
    ('C0000013', 'Teguh Widodo', 'M', 'teguh.w@email.com', 'pass123'),
    ('C0000014', 'Ratna Sari', 'F', 'ratna.s@email.com', 'pass123'),
    ('C0000015', 'Arif Hidayat', 'M', 'arif.h@email.com', 'pass123'),
    ('C0000016', 'Lina Marlina', 'F', 'lina.m@email.com', 'pass123'),
    ('C0000017', 'Dian Pratama', 'M', 'dian.p@email.com', 'pass123'),
    ('C0000018', 'Maya Anggraini', 'F', 'maya.a@email.com', 'pass123'),
    ('C0000019', 'Fajar Sidik', 'M', 'fajar.s@email.com', 'pass123'),
    ('C0000020', 'Citra Kirana', 'F', 'citra.k@email.com', 'pass123');

INSERT INTO employee (e_id, e_name, e_password, e_alamat, e_telephone, e_gender) VALUES
    ('E0000001', 'Andi Wijaya', 'adminpass', 'Jl. Ngagel Jaya Selatan No. 11, Surabaya', '085678901234', 'M'),
    ('E0000002', 'Rina Hartono', 'adminpass', 'Jl. Diponegoro No. 22, Surabaya', '085678901235', 'F'),
    ('E0000003', 'Joko Susilo', 'adminpass', 'Jl. Basuki Rahmat No. 33, Surabaya', '085678901236', 'M'),
    ('E0000004', 'Sari Puspita', 'adminpass', 'Jl. Mayjend Sungkono No. 44, Surabaya', '085678901237', 'F'),
    ('E0000005', 'Bayu Prakoso', 'adminpass', 'Jl. HR Muhammad No. 55, Surabaya', '085678901238', 'M'),
    ('E0000006', 'Wulan Sari', 'adminpass', 'Jl. Kutai No. 6, Surabaya', '085678901239', 'F'),
    ('E0000007', 'Heru Gunawan', 'adminpass', 'Jl. Adityawarman No. 7, Surabaya', '085678901240', 'M'),
    ('E0000008', 'Dina Kartika', 'adminpass', 'Jl. Sulawesi No. 8, Surabaya', '085678901241', 'F'),
    ('E0000009', 'Agung Santoso', 'adminpass', 'Jl. Indragiri No. 9, Surabaya', '085678901242', 'M'),
    ('E0000010', 'Eva Novita', 'adminpass', 'Jl. Bengawan No. 10, Surabaya', '085678901243', 'F'),
    ('E0000011', 'Galih Ramadhan', 'adminpass', 'Jl. Opak No. 11, Surabaya', '085678901244', 'M'),
    ('E0000012', 'Hesti Purwanti', 'adminpass', 'Jl. Serayu No. 12, Surabaya', '085678901245', 'F'),
    ('E0000013', 'Irfan Hakim', 'adminpass', 'Jl. Brantas No. 13, Surabaya', '085678901246', 'M'),
    ('E0000014', 'Jihan Audy', 'adminpass', 'Jl. Semeru No. 14, Surabaya', '085678901247', 'F'),
    ('E0000015', 'Krisna Murti', 'adminpass', 'Jl. Arjuno No. 15, Surabaya', '085678901248', 'M'),
    ('E0000016', 'Laila Sari', 'adminpass', 'Jl. Welirang No. 16, Surabaya', '085678901249', 'F'),
    ('E0000017', 'Muhammad Iqbal', 'adminpass', 'Jl. Penanggungan No. 17, Surabaya', '085678901250', 'M'),
    ('E0000018', 'Nadia Putri', 'adminpass', 'Jl. Raung No. 18, Surabaya', '085678901251', 'F'),
    ('E0000019', 'Oscar Mahendra', 'adminpass', 'Jl. Ijen No. 19, Surabaya', '085678901252', 'M'),
    ('E0000020', 'Paramita Rusady', 'adminpass', 'Jl. Bromo No. 20, Surabaya', '085678901253', 'F');

INSERT INTO membership_type(mt_id, mt_name, mt_price_per_month) VALUES
	('MT000001', 'Bronze', 200000),
	('MT000002', 'Silver', 300000),
	('MT000003', 'Gold', 350000);

INSERT INTO membership(m_id, m_telephone, m_alamat, m_start_date, m_expired_date, c_id, mt_id) VALUES
    ('M0000001', '081234567890', 'Jl. Kenjeran No. 123, Surabaya', '2025-06-01', '2025-07-01', 'C0000001', 'MT000001'),
    ('M0000002', '081234567891', 'Jl. Mulyorejo No. 45, Surabaya', '2025-05-15', '2025-08-15', 'C0000002', 'MT000002'),
    ('M0000003', '081234567892', 'Jl. Manyar Kertoarjo No. 67, Surabaya', '2025-04-20', '2025-10-20', 'C0000003', 'MT000003'),
    ('M0000004', '081234567893', 'Jl. Raya Lontar No. 89, Surabaya', '2025-06-10', '2025-07-10', 'C0000004', 'MT000001'),
    ('M0000005', '081234567894', 'Jl. Lidah Wetan No. 101, Surabaya', '2025-03-01', '2025-09-01', 'C0000005', 'MT000002'),
    ('M0000006', '081234567895', 'Jl. Dukuh Kupang No. 112, Surabaya', '2025-06-05', '2025-08-05', 'C0000006', 'MT000001'),
    ('M0000007', '081234567896', 'Jl. Babatan Mukti No. 13, Surabaya', '2025-05-01', '2025-11-01', 'C0000007', 'MT000003'),
    ('M0000008', '081234567897', 'Jl. Wiyung No. 24, Surabaya', '2025-06-10', '2025-09-10', 'C0000008', 'MT000002'),
    ('M0000009', '081234567898', 'Jl. Tenggilis Mejoyo No. 36, Surabaya', '2025-04-01', '2025-07-01', 'C0000009', 'MT000001'),
    ('M0000010', '081234567899', 'Jl. Kalirungkut No. 48, Surabaya', '2025-03-10', '2025-06-10', 'C0000010', 'MT000001'),
    ('M0000011', '081234567800', 'Jl. Jambangan No. 59, Surabaya', '2025-02-20', '2025-08-20', 'C0000011', 'MT000002'),
    ('M0000012', '081234567801', 'Jl. Gayungan No. 70, Surabaya', '2025-06-01', '2025-07-01', 'C0000012', 'MT000001'),
    ('M0000013', '081234567802', 'Jl. Siwalankerto No. 81, Surabaya', '2025-05-05', '2025-11-05', 'C0000013', 'MT000003'),
    ('M0000014', '081234567803', 'Jl. Ketintang No. 92, Surabaya', '2025-06-10', '2025-08-10', 'C0000014', 'MT000001'),
    ('M0000015', '081234567804', 'Jl. Karah No. 103, Surabaya', '2025-04-15', '2025-10-15', 'C0000015', 'MT000002'),
    ('M0000016', '081234567805', 'Jl. Nginden Semolo No. 114, Surabaya', '2025-06-01', '2025-09-01', 'C0000016', 'MT000002'),
    ('M0000017', '081234567806', 'Jl. Raya Darmo Permai No. 125, Surabaya', '2025-03-25', '2025-06-25', 'C0000017', 'MT000001'),
    ('M0000018', '081234567807', 'Jl. Kupang Indah No. 136, Surabaya', '2025-05-10', '2025-11-10', 'C0000018', 'MT000003'),
    ('M0000019', '081234567808', 'Jl. Raya Wiyung No. 147, Surabaya', '2025-06-10', '2025-07-10', 'C0000019', 'MT000001'),
    ('M0000020', '081234567809', 'Jl. Babatan Pantai No. 158, Surabaya', '2025-04-05', '2025-10-05', 'C0000020', 'MT000002');

INSERT INTO product (p_id, p_name, p_price, p_stock) VALUES
    ('P0000001', 'Air Mineral 600ml', 5000.00, 200),
    ('P0000002', 'Minuman Isotonik', 8000.00, 150),
    ('P0000003', 'Protein Bar Coklat', 25000.00, 80),
    ('P0000004', 'Whey Protein 1kg', 450000.00, 20),
    ('P0000005', 'Handuk Gym Kecil', 50000.00, 50),
    ('P0000006', 'Sarung Tangan Gym', 120000.00, 30),
    ('P0000007', 'Shaker Bottle', 75000.00, 40),
    ('P0000008', 'Creatine Monohydrate 300g', 280000.00, 25),
    ('P0000009', 'BCAA Powder 250g', 320000.00, 30),
    ('P0000010', 'Kaos Gym Keringat', 150000.00, 60),
    ('P0000011', 'Celana Pendek Olahraga', 180000.00, 60),
    ('P0000012', 'Tas Gym', 250000.00, 25),
    ('P0000013', 'Kaus Kaki Olahraga (3 pasang)', 60000.00, 100),
    ('P0000014', 'L-Carnitine Liquid', 210000.00, 15),
    ('P0000015', 'Mass Gainer 2kg', 650000.00, 10),
    ('P0000016', 'Pisang Satuan', 3000.00, 100),
    ('P0000017', 'Kopi Hitam Sachet', 4000.00, 150),
    ('P0000018', 'Gembok Loker', 35000.00, 40),
    ('P0000019', 'Strap Angkat Beban', 90000.00, 35),
    ('P0000020', 'Sabuk Angkat Beban', 350000.00, 20);

INSERT INTO personal_trainer (pt_id, pt_name, pt_alamat, pt_password, pt_telephone, pt_gender, pt_price_per_hour, added_by_e_id) VALUES
    ('PT000001', 'Doni Fitnes', 'Jl. Pucang Anom Timur II No. 19, Surabaya', 'ptpass', '087712345678', 'M', 250000.00, 'E0000001'),
    ('PT000002', 'Cindy Sehat', 'Jl. Kertajaya Indah Timur No. 8, Surabaya', 'ptpass', '087712345679', 'F', 275000.00, 'E0000001'),
    ('PT000003', 'Robby Kuat', 'Jl. Dharmawangsa No. 110, Surabaya', 'ptpass', '087712345680', 'M', 260000.00, 'E0000002'),
    ('PT000004', 'Vina Bugar', 'Jl. Menur Pumpungan No. 12, Surabaya', 'ptpass', '087712345681', 'F', 280000.00, 'E0000002'),
    ('PT000005', 'Anton Perkasa', 'Jl. Semolowaru No. 45, Surabaya', 'ptpass', '087712345682', 'M', 300000.00, 'E0000001'),
    ('PT000006', 'Bella Cantika', 'Jl. Klampis Jaya No. 33, Surabaya', 'ptpass', '087712345683', 'F', 310000.00, 'E0000001'),
    ('PT000007', 'Yoga Pratama', 'Jl. Medokan Ayu No. 21, Surabaya', 'ptpass', '087712345684', 'M', 250000.00, 'E0000002'),
    ('PT000008', 'Diana Putri', 'Jl. Rungkut Madya No. 99, Surabaya', 'ptpass', '087712345685', 'F', 290000.00, 'E0000002'),
    ('PT000009', 'Ivan Gunardi', 'Jl. Wonorejo Timur No. 5, Surabaya', 'ptpass', '087712345686', 'M', 270000.00, 'E0000001'),
    ('PT000010', 'Fanny Oktavia', 'Jl. Gunung Anyar Tambak No. 1, Surabaya', 'ptpass', '087712345687', 'F', 275000.00, 'E0000002'),
    ('PT000011', 'Kevin Jaya', 'Jl. Sukosemolo Raya No. 20, Surabaya', 'ptpass', '087712345688', 'M', 285000.00, 'E0000001'),
    ('PT000012', 'Linda Perkasa', 'Jl. Arif Rahman Hakim No. 70, Surabaya', 'ptpass', '087712345689', 'F', 295000.00, 'E0000002'),
    ('PT000013', 'Bima Sakti', 'Jl. Keputih Tegal No. 15, Surabaya', 'ptpass', '087712345690', 'M', 265000.00, 'E0000001'),
    ('PT000014', 'Citra Indah', 'Jl. Gebang Putih No. 40, Surabaya', 'ptpass', '087712345691', 'F', 305000.00, 'E0000002'),
    ('PT000015', 'Danu Sehat', 'Jl. Mulyorejo No. 100, Surabaya', 'ptpass', '087712345692', 'M', 270000.00, 'E0000001'),
    ('PT000016', 'Eka Bugar', 'Jl. Manyar Kertoarjo No. 25, Surabaya', 'ptpass', '087712345693', 'F', 315000.00, 'E0000002'),
    ('PT000017', 'Gilang Perkasa', 'Jl. Raya Laguna No. 12, Surabaya', 'ptpass', '087712345694', 'M', 280000.00, 'E0000001'),
    ('PT000018', 'Hana Fitnes', 'Jl. Raya Darmo Permai III No. 88, Surabaya', 'ptpass', '087712345695', 'F', 320000.00, 'E0000002'),
    ('PT000019', 'Joko Kuat', 'Jl. Lontar No. 77, Surabaya', 'ptpass', '087712345696', 'M', 290000.00, 'E0000001'),
    ('PT000020', 'Kiki Ceria', 'Jl. Babatan Mukti No. 50, Surabaya', 'ptpass', '087712345697', 'F', 300000.00, 'E0000002');

INSERT INTO training_session(ts_id, ts_start_time, ts_end_time, c_id) VALUES
    ('TS000001', '2025-06-08 14:15:00', '2025-06-08 15:45:00', 'C0000001'),
    ('TS000002', '2025-06-11 09:00:00', '2025-06-11 10:30:00', 'C0000001'),
    ('TS000003', '2025-06-14 17:00:00', '2025-06-14 18:30:00', 'C0000001'),
    ('TS000004', '2025-06-17 07:00:00', '2025-06-17 08:45:00', 'C0000001'),
    ('TS000005', '2025-06-20 10:00:00', '2025-06-20 11:15:00', 'C0000001'),
    ('TS000006', '2025-06-23 15:00:00', '2025-06-23 16:00:00', 'C0000001'),
    ('TS000007', '2025-06-26 19:00:00', '2025-06-26 20:45:00', 'C0000001'),
    ('TS000008', '2025-06-29 11:00:00', '2025-06-29 12:30:00', 'C0000001'),

    ('TS000009', '2025-06-09 17:00:00', '2025-06-09 18:45:00', 'C0000002'),
    ('TS000010', '2025-06-12 06:45:00', '2025-06-12 08:30:00', 'C0000002'),
    ('TS000011', '2025-06-15 10:00:00', '2025-06-15 11:30:00', 'C0000002'),
    ('TS000012', '2025-06-18 14:00:00', '2025-06-18 15:00:00', 'C0000002'),
    ('TS000013', '2025-06-21 08:00:00', '2025-06-21 09:45:00', 'C0000002'),
    ('TS000014', '2025-06-24 16:00:00', '2025-06-24 17:15:00', 'C0000002'),
    ('TS000015', '2025-06-27 20:00:00', '2025-06-27 21:30:00', 'C0000002'),

    ('TS000016', '2025-06-07 10:00:00', '2025-06-07 11:30:00', 'C0000003'),
    ('TS000017', '2025-06-13 13:00:00', '2025-06-13 14:45:00', 'C0000003'),
    ('TS000018', '2025-06-15 19:00:00', '2025-06-15 20:15:00', 'C0000003'),
    ('TS000019', '2025-06-19 09:00:00', '2025-06-19 10:30:00', 'C0000003'),
    ('TS000020', '2025-06-22 17:00:00', '2025-06-22 18:00:00', 'C0000003'),
    ('TS000021', '2025-06-25 07:00:00', '2025-06-25 08:15:00', 'C0000003'),

    ('TS000022', '2025-06-09 10:30:00', '2025-06-09 12:15:00', 'C0000004'),
    ('TS000023', '2025-06-14 16:00:00', '2025-06-14 17:15:00', 'C0000004'),
    ('TS000024', '2025-06-18 08:00:00', '2025-06-18 09:00:00', 'C0000004'),
    ('TS000025', '2025-06-21 13:00:00', '2025-06-21 14:30:00', 'C0000004'),
    ('TS000026', '2025-06-24 18:00:00', '2025-06-24 19:15:00', 'C0000004'),
    ('TS000027', '2025-06-27 06:00:00', '2025-06-27 07:45:00', 'C0000004'),
    ('TS000028', '2025-06-30 10:00:00', '2025-06-30 11:30:00', 'C0000004'),

    ('TS000029', '2025-06-11 08:00:00', '2025-06-11 09:30:00', 'C0000005'),
    ('TS000030', '2025-06-13 13:00:00', '2025-06-13 14:45:00', 'C0000005'),
    ('TS000031', '2025-06-16 18:00:00', '2025-06-16 19:00:00', 'C0000005'),
    ('TS000032', '2025-06-19 07:00:00', '2025-06-19 08:15:00', 'C0000005'),
    ('TS000033', '2025-06-22 10:00:00', '2025-06-22 11:45:00', 'C0000005'),
    ('TS000034', '2025-06-25 15:00:00', '2025-06-25 16:30:00', 'C0000005'),
    ('TS000035', '2025-06-28 20:00:00', '2025-06-28 21:15:00', 'C0000005'),

    ('TS000036', '2025-06-08 07:00:00', '2025-06-08 08:30:00', 'C0000006'),
    ('TS000037', '2025-06-11 16:00:00', '2025-06-11 17:45:00', 'C0000006'),
    ('TS000038', '2025-06-14 13:00:00', '2025-06-14 14:00:00', 'C0000006'),
    ('TS000039', '2025-06-17 10:00:00', '2025-06-17 11:15:00', 'C0000006'),
    ('TS000040', '2025-06-20 19:00:00', '2025-06-20 20:30:00', 'C0000006'),
    ('TS000041', '2025-06-23 08:00:00', '2025-06-23 09:45:00', 'C0000006'),

    ('TS000042', '2025-06-07 17:30:00', '2025-06-07 19:30:00', 'C0000007'),
    ('TS000043', '2025-06-10 06:00:00', '2025-06-10 07:00:00', 'C0000007'),
    ('TS000044', '2025-06-13 14:00:00', '2025-06-13 15:15:00', 'C0000007'),
    ('TS000045', '2025-06-16 20:00:00', '2025-06-16 21:00:00', 'C0000007'),
    ('TS000046', '2025-06-19 11:00:00', '2025-06-19 12:45:00', 'C0000007'),
    ('TS000047', '2025-06-22 09:00:00', '2025-06-22 10:30:00', 'C0000007'),
    ('TS000048', '2025-06-25 17:00:00', '2025-06-25 18:30:00', 'C0000007'),
    ('TS000049', '2025-06-28 07:00:00', '2025-06-28 08:45:00', 'C0000007'),

    ('TS000050', '2025-06-10 11:15:00', '2025-06-10 12:45:00', 'C0000008'),
    ('TS000051', '2025-06-13 18:00:00', '2025-06-13 19:15:00', 'C0000008'),
    ('TS000052', '2025-06-16 09:00:00', '2025-06-16 10:00:00', 'C0000008'),
    ('TS000053', '2025-06-19 14:00:00', '2025-06-19 15:30:00', 'C0000008'),
    ('TS000054', '2025-06-22 20:00:00', '2025-06-22 21:45:00', 'C0000008'),

    ('TS000055', '2025-06-09 15:30:00', '2025-06-09 16:30:00', 'C0000009'),
    ('TS000056', '2025-06-13 07:00:00', '2025-06-13 08:45:00', 'C0000009'),
    ('TS000057', '2025-06-17 12:00:00', '2025-06-17 13:15:00', 'C0000009'),
    ('TS000058', '2025-06-20 08:00:00', '2025-06-20 09:30:00', 'C0000009'),
    ('TS000059', '2025-06-23 17:00:00', '2025-06-23 18:45:00', 'C0000009'),

    ('TS000060', '2025-06-11 10:00:00', '2025-06-11 11:45:00', 'C0000010'),
    ('TS000061', '2025-06-14 06:00:00', '2025-06-14 07:00:00', 'C0000010'),
    ('TS000062', '2025-06-16 20:30:00', '2025-06-16 21:15:00', 'C0000010'),
    ('TS000063', '2025-06-19 15:00:00', '2025-06-19 16:30:00', 'C0000010'),
    ('TS000064', '2025-06-22 10:00:00', '2025-06-22 11:15:00', 'C0000010'),
    ('TS000065', '2025-06-25 18:00:00', '2025-06-25 19:45:00', 'C0000010'),

    ('TS000066', '2025-06-08 09:00:00', '2025-06-08 10:30:00', 'C0000011'),
    ('TS000067', '2025-06-15 14:00:00', '2025-06-15 15:00:00', 'C0000011'),
    ('TS000068', '2025-06-18 07:00:00', '2025-06-18 08:45:00', 'C0000011'),
    ('TS000069', '2025-06-21 11:00:00', '2025-06-21 12:30:00', 'C0000011'),

    ('TS000070', '2025-06-07 08:00:00', '2025-06-07 09:30:00', 'C0000012'),
    ('TS000071', '2025-06-11 14:45:00', '2025-06-11 16:00:00', 'C0000012'),
    ('TS000072', '2025-06-14 17:00:00', '2025-06-14 18:45:00', 'C0000012'),
    ('TS000073', '2025-06-17 10:00:00', '2025-06-17 11:15:00', 'C0000012'),
    ('TS000074', '2025-06-20 06:00:00', '2025-06-20 07:00:00', 'C0000012'),
    ('TS000075', '2025-06-23 15:00:00', '2025-06-23 16:30:00', 'C0000012'),
    ('TS000076', '2025-06-26 20:00:00', '2025-06-26 21:45:00', 'C0000012'),
    ('TS000077', '2025-06-29 09:00:00', '2025-06-29 10:30:00', 'C0000012'),

    ('TS000078', '2025-06-10 19:00:00', '2025-06-10 20:45:00', 'C0000013'),
    ('TS000079', '2025-06-14 06:00:00', '2025-06-14 07:45:00', 'C0000013'),
    ('TS000080', '2025-06-17 14:00:00', '2025-06-17 15:30:00', 'C0000013'),
    ('TS000081', '2025-06-20 10:00:00', '2025-06-20 11:00:00', 'C0000013'),
    ('TS000082', '2025-06-23 18:00:00', '2025-06-23 19:15:00', 'C0000013'),
    ('TS000083', '2025-06-26 07:00:00', '2025-06-26 08:30:00', 'C0000013'),

    ('TS000084', '2025-06-09 18:00:00', '2025-06-09 20:00:00', 'C0000014'),
    ('TS000085', '2025-06-12 09:30:00', '2025-06-12 10:45:00', 'C0000014'),
    ('TS000086', '2025-06-15 15:00:00', '2025-06-15 16:30:00', 'C0000014'),
    ('TS000087', '2025-06-18 06:00:00', '2025-06-18 07:15:00', 'C0000014'),
    ('TS000088', '2025-06-21 19:00:00', '2025-06-21 20:45:00', 'C0000014'),
    ('TS000089', '2025-06-24 10:00:00', '2025-06-24 11:00:00', 'C0000014'),
    ('TS000090', '2025-06-27 16:00:00', '2025-06-27 17:30:00', 'C0000014'),
    ('TS000091', '2025-06-30 08:00:00', '2025-06-30 09:45:00', 'C0000014'),

    ('TS000092', '2025-06-12 10:15:00', '2025-06-12 11:30:00', 'C0000015'),
    ('TS000093', '2025-06-15 16:00:00', '2025-06-15 17:30:00', 'C0000015'),
    ('TS000094', '2025-06-18 09:00:00', '2025-06-18 10:45:00', 'C0000015'),
    ('TS000095', '2025-06-21 14:00:00', '2025-06-21 15:00:00', 'C0000015'),
    ('TS000096', '2025-06-24 20:00:00', '2025-06-24 21:30:00', 'C0000015'),

    ('TS000097', '2025-06-09 11:00:00', '2025-06-09 12:00:00', 'C0000016'),
    ('TS000098', '2025-06-13 19:00:00', '2025-06-13 20:30:00', 'C0000016'),
    ('TS000099', '2025-06-15 08:30:00', '2025-06-15 09:15:00', 'C0000016'),
    ('TS000100', '2025-06-17 07:00:00', '2025-06-17 08:45:00', 'C0000016'),
    ('TS000101', '2025-06-20 16:00:00', '2025-06-20 17:15:00', 'C0000016'),
    ('TS000102', '2025-06-23 09:00:00', '2025-06-23 10:30:00', 'C0000016'),
    ('TS000103', '2025-06-26 14:00:00', '2025-06-26 15:00:00', 'C0000016'),
    ('TS000104', '2025-06-29 20:00:00', '2025-06-29 21:45:00', 'C0000016'),

    ('TS000105', '2025-06-07 12:00:00', '2025-06-07 13:45:00', 'C0000017'),
    ('TS000106', '2025-06-10 07:00:00', '2025-06-10 08:30:00', 'C0000017'),
    ('TS000107', '2025-06-14 15:00:00', '2025-06-14 16:00:00', 'C0000017'),
    ('TS000108', '2025-06-17 11:00:00', '2025-06-17 12:15:00', 'C0000017'),
    ('TS000109', '2025-06-20 18:00:00', '2025-06-20 19:45:00', 'C0000017'),
    ('TS000110', '2025-06-23 06:00:00', '2025-06-23 07:30:00', 'C0000017'),
    ('TS000111', '2025-06-26 10:00:00', '2025-06-26 11:00:00', 'C0000017'),

    ('TS000112', '2025-06-10 16:00:00', '2025-06-10 17:30:00', 'C0000018'),
    ('TS000113', '2025-06-13 09:45:00', '2025-06-13 11:00:00', 'C0000018'),
    ('TS000114', '2025-06-16 14:00:00', '2025-06-16 15:45:00', 'C0000018'),
    ('TS000115', '2025-06-19 20:00:00', '2025-06-19 21:30:00', 'C0000018'),
    ('TS000116', '2025-06-22 08:00:00', '2025-06-22 09:15:00', 'C0000018'),
    ('TS000117', '2025-06-25 13:00:00', '2025-06-25 14:00:00', 'C0000018'),
    ('TS000118', '2025-06-28 17:00:00', '2025-06-28 18:30:00', 'C0000018'),

    ('TS000119', '2025-06-08 20:00:00', '2025-06-08 21:30:00', 'C0000019'),
    ('TS000120', '2025-06-11 07:00:00', '2025-06-11 08:45:00', 'C0000019'),
    ('TS000121', '2025-06-13 11:45:00', '2025-06-13 13:15:00', 'C0000019'),
    ('TS000122', '2025-06-15 16:00:00', '2025-06-15 17:00:00', 'C0000019'),
    ('TS000123', '2025-06-18 10:00:00', '2025-06-18 11:30:00', 'C0000019'),
    ('TS000124', '2025-06-21 19:00:00', '2025-06-21 20:15:00', 'C0000019'),
    ('TS000125', '2025-06-24 08:00:00', '2025-06-24 09:45:00', 'C0000019'),
    ('TS000126', '2025-06-27 14:00:00', '2025-06-27 15:30:00', 'C0000019'),

    ('TS000127', '2025-06-11 15:00:00', '2025-06-11 16:45:00', 'C0000020'),
    ('TS000128', '2025-06-14 09:00:00', '2025-06-14 10:00:00', 'C0000020'),
    ('TS000129', '2025-06-16 07:30:00', '2025-06-16 08:45:00', 'C0000020'),
    ('TS000130', '2025-06-17 18:00:00', '2025-06-17 19:30:00', 'C0000020'),
    ('TS000131', '2025-06-20 06:00:00', '2025-06-20 07:15:00', 'C0000020'),
    ('TS000132', '2025-06-23 13:00:00', '2025-06-23 14:45:00', 'C0000020'),
    ('TS000133', '2025-06-26 20:00:00', '2025-06-26 21:00:00', 'C0000020'),
    ('TS000134', '2025-06-29 10:00:00', '2025-06-29 11:30:00', 'C0000020');

INSERT INTO available_time(at_id, at_date, at_start_time, at_end_time, pt_id, pt_a_id) VALUES
    ('AT000001', '2025-07-03', '06:00:00', '07:00:00', 'PT000001', NULL),
    ('AT000002', '2025-07-03', '07:00:00', '08:00:00', 'PT000001', NULL),
    ('AT000003', '2025-07-03', '09:00:00', '10:00:00', 'PT000001', NULL),
    ('AT000004', '2025-07-03', '10:00:00', '11:00:00', 'PT000001', NULL),
    ('AT000005', '2025-07-03', '14:00:00', '15:00:00', 'PT000001', NULL),
    ('AT000006', '2025-07-03', '15:00:00', '16:00:00', 'PT000001', NULL),
    ('AT000007', '2025-07-03', '18:00:00', '19:00:00', 'PT000001', NULL),
    ('AT000008', '2025-07-03', '19:00:00', '20:00:00', 'PT000001', NULL),
    ('AT000009', '2025-07-04', '09:00:00', '10:00:00', 'PT000001', NULL),
    ('AT000010', '2025-07-04', '10:00:00', '11:00:00', 'PT000001', NULL),
    ('AT000011', '2025-07-04', '11:00:00', '12:00:00', 'PT000001', NULL),
    ('AT000012', '2025-07-04', '12:00:00', '13:00:00', 'PT000001', NULL),
    ('AT000013', '2025-07-04', '15:00:00', '16:00:00', 'PT000001', NULL),
    ('AT000014', '2025-07-04', '16:00:00', '17:00:00', 'PT000001', NULL),
    ('AT000015', '2025-07-04', '17:00:00', '18:00:00', 'PT000001', NULL),
    ('AT000016', '2025-07-04', '18:00:00', '19:00:00', 'PT000001', NULL),
    ('AT000017', '2025-07-05', '07:00:00', '08:00:00', 'PT000001', NULL),
    ('AT000018', '2025-07-05', '08:00:00', '09:00:00', 'PT000001', NULL),
    ('AT000019', '2025-07-05', '09:00:00', '10:00:00', 'PT000001', NULL),
    ('AT000020', '2025-07-05', '10:00:00', '11:00:00', 'PT000001', NULL),
    ('AT000021', '2025-07-05', '11:00:00', '12:00:00', 'PT000001', NULL),
    ('AT000022', '2025-07-06', '08:00:00', '09:00:00', 'PT000001', NULL),
    ('AT000023', '2025-07-06', '09:00:00', '10:00:00', 'PT000001', NULL),
    ('AT000024', '2025-07-06', '10:00:00', '11:00:00', 'PT000001', NULL),
    ('AT000025', '2025-07-06', '11:00:00', '12:00:00', 'PT000001', NULL),
    ('AT000026', '2025-07-06', '12:00:00', '13:00:00', 'PT000001', NULL),
    ('AT000027', '2025-07-06', '13:00:00', '14:00:00', 'PT000001', NULL),
    ('AT000028', '2025-07-06', '14:00:00', '15:00:00', 'PT000001', NULL),
    ('AT000029', '2025-07-06', '15:00:00', '16:00:00', 'PT000001', NULL),
    ('AT000030', '2025-07-06', '16:00:00', '17:00:00', 'PT000001', NULL),

    ('AT000031', '2025-07-03', '07:00:00', '08:00:00', 'PT000002', NULL),
    ('AT000032', '2025-07-03', '08:00:00', '09:00:00', 'PT000002', NULL),
    ('AT000033', '2025-07-03', '09:00:00', '10:00:00', 'PT000002', NULL),
    ('AT000034', '2025-07-03', '14:00:00', '15:00:00', 'PT000002', NULL),
    ('AT000035', '2025-07-03', '15:00:00', '16:00:00', 'PT000002', NULL),
    ('AT000036', '2025-07-03', '16:00:00', '17:00:00', 'PT000002', NULL),
    ('AT000037', '2025-07-03', '17:00:00', '18:00:00', 'PT000002', NULL),
    ('AT000038', '2025-07-04', '06:00:00', '07:00:00', 'PT000002', NULL),
    ('AT000039', '2025-07-04', '07:00:00', '08:00:00', 'PT000002', NULL),
    ('AT000040', '2025-07-04', '10:00:00', '11:00:00', 'PT000002', NULL),
    ('AT000041', '2025-07-04', '11:00:00', '12:00:00', 'PT000002', NULL),
    ('AT000042', '2025-07-04', '15:00:00', '16:00:00', 'PT000002', NULL),
    ('AT000043', '2025-07-04', '16:00:00', '17:00:00', 'PT000002', NULL),
    ('AT000044', '2025-07-04', '19:00:00', '20:00:00', 'PT000002', NULL),
    ('AT000045', '2025-07-04', '20:00:00', '21:00:00', 'PT000002', NULL),
    ('AT000046', '2025-07-05', '09:00:00', '10:00:00', 'PT000002', NULL),
    ('AT000047', '2025-07-05', '10:00:00', '11:00:00', 'PT000002', NULL),
    ('AT000048', '2025-07-05', '11:00:00', '12:00:00', 'PT000002', NULL),
    ('AT000049', '2025-07-05', '12:00:00', '13:00:00', 'PT000002', NULL),
    ('AT000050', '2025-07-05', '13:00:00', '14:00:00', 'PT000002', NULL),
    ('AT000051', '2025-07-05', '14:00:00', '15:00:00', 'PT000002', NULL),
    ('AT000052', '2025-07-05', '15:00:00', '16:00:00', 'PT000002', NULL),
    ('AT000053', '2025-07-05', '16:00:00', '17:00:00', 'PT000002', NULL),
    ('AT000054', '2025-07-05', '17:00:00', '18:00:00', 'PT000002', NULL),
    ('AT000055', '2025-07-06', '08:00:00', '09:00:00', 'PT000002', NULL),
    ('AT000056', '2025-07-06', '09:00:00', '10:00:00', 'PT000002', NULL),
    ('AT000057', '2025-07-06', '10:00:00', '11:00:00', 'PT000002', NULL),
    ('AT000058', '2025-07-06', '11:00:00', '12:00:00', 'PT000002', NULL),
    ('AT000059', '2025-07-06', '12:00:00', '13:00:00', 'PT000002', NULL),

    ('AT000060', '2025-07-03', '08:00:00', '09:00:00', 'PT000003', NULL),
    ('AT000061', '2025-07-03', '09:00:00', '10:00:00', 'PT000003', NULL),
    ('AT000062', '2025-07-03', '10:00:00', '11:00:00', 'PT000003', NULL),
    ('AT000063', '2025-07-03', '11:00:00', '12:00:00', 'PT000003', NULL),
    ('AT000064', '2025-07-04', '07:00:00', '08:00:00', 'PT000003', NULL),
    ('AT000065', '2025-07-04', '08:00:00', '09:00:00', 'PT000003', NULL),
    ('AT000066', '2025-07-04', '09:00:00', '10:00:00', 'PT000003', NULL),
    ('AT000067', '2025-07-04', '14:00:00', '15:00:00', 'PT000003', NULL),
    ('AT000068', '2025-07-04', '15:00:00', '16:00:00', 'PT000003', NULL),
    ('AT000069', '2025-07-04', '16:00:00', '17:00:00', 'PT000003', NULL),
    ('AT000070', '2025-07-04', '17:00:00', '18:00:00', 'PT000003', NULL),
    ('AT000071', '2025-07-05', '06:00:00', '07:00:00', 'PT000003', NULL),
    ('AT000072', '2025-07-05', '07:00:00', '08:00:00', 'PT000003', NULL),
    ('AT000073', '2025-07-05', '10:00:00', '11:00:00', 'PT000003', NULL),
    ('AT000074', '2025-07-05', '11:00:00', '12:00:00', 'PT000003', NULL),
    ('AT000075', '2025-07-05', '14:00:00', '15:00:00', 'PT000003', NULL),
    ('AT000076', '2025-07-05', '15:00:00', '16:00:00', 'PT000003', NULL),
    ('AT000077', '2025-07-05', '18:00:00', '19:00:00', 'PT000003', NULL),
    ('AT000078', '2025-07-05', '19:00:00', '20:00:00', 'PT000003', NULL),
    ('AT000079', '2025-07-06', '09:00:00', '10:00:00', 'PT000003', NULL),
    ('AT000080', '2025-07-06', '10:00:00', '11:00:00', 'PT000003', NULL),
    ('AT000081', '2025-07-06', '11:00:00', '12:00:00', 'PT000003', NULL),
    ('AT000082', '2025-07-06', '12:00:00', '13:00:00', 'PT000003', NULL),
    ('AT000083', '2025-07-06', '13:00:00', '14:00:00', 'PT000003', NULL),
    ('AT000084', '2025-07-06', '14:00:00', '15:00:00', 'PT000003', NULL),
    ('AT000085', '2025-07-06', '15:00:00', '16:00:00', 'PT000003', NULL),
    ('AT000086', '2025-07-06', '16:00:00', '17:00:00', 'PT000003', NULL),

    ('AT000087', '2025-07-03', '09:00:00', '10:00:00', 'PT000004', NULL),
    ('AT000088', '2025-07-03', '10:00:00', '11:00:00', 'PT000004', NULL),
    ('AT000089', '2025-07-03', '11:00:00', '12:00:00', 'PT000004', NULL),
    ('AT000090', '2025-07-03', '12:00:00', '13:00:00', 'PT000004', NULL),
    ('AT000091', '2025-07-03', '13:00:00', '14:00:00', 'PT000004', NULL),
    ('AT000092', '2025-07-04', '08:00:00', '09:00:00', 'PT000004', NULL),
    ('AT000093', '2025-07-04', '09:00:00', '10:00:00', 'PT000004', NULL),
    ('AT000094', '2025-07-04', '10:00:00', '11:00:00', 'PT000004', NULL),
    ('AT000095', '2025-07-04', '11:00:00', '12:00:00', 'PT000004', NULL),
    ('AT000096', '2025-07-04', '12:00:00', '13:00:00', 'PT000004', NULL),
    ('AT000097', '2025-07-04', '13:00:00', '14:00:00', 'PT000004', NULL),
    ('AT000098', '2025-07-04', '14:00:00', '15:00:00', 'PT000004', NULL),
    ('AT000099', '2025-07-04', '15:00:00', '16:00:00', 'PT000004', NULL),
    ('AT000100', '2025-07-04', '16:00:00', '17:00:00', 'PT000004', NULL),
    ('AT000101', '2025-07-06', '07:00:00', '08:00:00', 'PT000004', NULL),
    ('AT000102', '2025-07-06', '08:00:00', '09:00:00', 'PT000004', NULL),
    ('AT000103', '2025-07-06', '11:00:00', '12:00:00', 'PT000004', NULL),
    ('AT000104', '2025-07-06', '12:00:00', '13:00:00', 'PT000004', NULL),
    ('AT000105', '2025-07-06', '15:00:00', '16:00:00', 'PT000004', NULL),
    ('AT000106', '2025-07-06', '16:00:00', '17:00:00', 'PT000004', NULL),
    ('AT000107', '2025-07-07', '08:00:00', '09:00:00', 'PT000004', NULL),
    ('AT000108', '2025-07-07', '09:00:00', '10:00:00', 'PT000004', NULL),
    ('AT000109', '2025-07-07', '10:00:00', '11:00:00', 'PT000004', NULL),
    ('AT000110', '2025-07-07', '11:00:00', '12:00:00', 'PT000004', NULL),

    ('AT000111', '2025-07-03', '10:00:00', '11:00:00', 'PT000005', NULL),
    ('AT000112', '2025-07-03', '11:00:00', '12:00:00', 'PT000005', NULL),
    ('AT000113', '2025-07-03', '12:00:00', '13:00:00', 'PT000005', NULL),
    ('AT000114', '2025-07-03', '13:00:00', '14:00:00', 'PT000005', NULL),
    ('AT000115', '2025-07-03', '14:00:00', '15:00:00', 'PT000005', NULL),
    ('AT000116', '2025-07-04', '09:00:00', '10:00:00', 'PT000005', NULL),
    ('AT000117', '2025-07-04', '10:00:00', '11:00:00', 'PT000005', NULL),
    ('AT000118', '2025-07-04', '11:00:00', '12:00:00', 'PT000005', NULL),
    ('AT000119', '2025-07-04', '12:00:00', '13:00:00', 'PT000005', NULL),
    ('AT000120', '2025-07-04', '13:00:00', '14:00:00', 'PT000005', NULL),
    ('AT000121', '2025-07-05', '08:00:00', '09:00:00', 'PT000005', NULL),
    ('AT000122', '2025-07-05', '09:00:00', '10:00:00', 'PT000005', NULL),
    ('AT000123', '2025-07-05', '12:00:00', '13:00:00', 'PT000005', NULL),
    ('AT000124', '2025-07-05', '13:00:00', '14:00:00', 'PT000005', NULL),
    ('AT000125', '2025-07-05', '16:00:00', '17:00:00', 'PT000005', NULL),
    ('AT000126', '2025-07-05', '17:00:00', '18:00:00', 'PT000005', NULL),
    ('AT000127', '2025-07-05', '19:00:00', '20:00:00', 'PT000005', NULL),
    ('AT000128', '2025-07-05', '20:00:00', '21:00:00', 'PT000005', NULL),
    ('AT000129', '2025-07-06', '07:00:00', '08:00:00', 'PT000005', NULL),
    ('AT000130', '2025-07-06', '08:00:00', '09:00:00', 'PT000005', NULL),
    ('AT000131', '2025-07-06', '09:00:00', '10:00:00', 'PT000005', NULL),
    ('AT000132', '2025-07-06', '10:00:00', '11:00:00', 'PT000005', NULL),
    ('AT000133', '2025-07-06', '11:00:00', '12:00:00', 'PT000005', NULL),
    ('AT000134', '2025-07-06', '12:00:00', '13:00:00', 'PT000005', NULL),
    ('AT000135', '2025-07-06', '13:00:00', '14:00:00', 'PT000005', NULL),
    ('AT000136', '2025-07-06', '14:00:00', '15:00:00', 'PT000005', NULL),
    ('AT000137', '2025-07-06', '15:00:00', '16:00:00', 'PT000005', NULL),

    ('AT000138', '2025-07-03', '06:30:00', '07:30:00', 'PT000006', NULL),
    ('AT000139', '2025-07-03', '07:30:00', '08:30:00', 'PT000006', NULL),
    ('AT000140', '2025-07-03', '08:30:00', '09:30:00', 'PT000006', NULL),
    ('AT000141', '2025-07-03', '09:30:00', '10:30:00', 'PT000006', NULL),
    ('AT000142', '2025-07-03', '10:30:00', '11:30:00', 'PT000006', NULL),
    ('AT000143', '2025-07-04', '07:30:00', '08:30:00', 'PT000006', NULL),
    ('AT000144', '2025-07-04', '08:30:00', '09:30:00', 'PT000006', NULL),
    ('AT000145', '2025-07-04', '09:30:00', '10:30:00', 'PT000006', NULL),
    ('AT000146', '2025-07-04', '12:00:00', '13:00:00', 'PT000006', NULL),
    ('AT000147', '2025-07-04', '13:00:00', '14:00:00', 'PT000006', NULL),
    ('AT000148', '2025-07-04', '14:00:00', '15:00:00', 'PT000006', NULL),
    ('AT000149', '2025-07-04', '17:00:00', '18:00:00', 'PT000006', NULL),
    ('AT000150', '2025-07-04', '18:00:00', '19:00:00', 'PT000006', NULL),
    ('AT000151', '2025-07-04', '19:00:00', '20:00:00', 'PT000006', NULL),
    ('AT000152', '2025-07-05', '09:00:00', '10:00:00', 'PT000006', NULL),
    ('AT000153', '2025-07-05', '10:00:00', '11:00:00', 'PT000006', NULL),
    ('AT000154', '2025-07-05', '11:00:00', '12:00:00', 'PT000006', NULL),
    ('AT000155', '2025-07-05', '12:00:00', '13:00:00', 'PT000006', NULL),
    ('AT000156', '2025-07-05', '13:00:00', '14:00:00', 'PT000006', NULL),
    ('AT000157', '2025-07-05', '14:00:00', '15:00:00', 'PT000006', NULL),
    ('AT000158', '2025-07-05', '15:00:00', '16:00:00', 'PT000006', NULL),
    ('AT000159', '2025-07-05', '16:00:00', '17:00:00', 'PT000006', NULL),
    ('AT000160', '2025-07-05', '17:00:00', '18:00:00', 'PT000006', NULL),
    ('AT000161', '2025-07-06', '08:00:00', '09:00:00', 'PT000006', NULL),
    ('AT000162', '2025-07-06', '09:00:00', '10:00:00', 'PT000006', NULL),
    ('AT000163', '2025-07-06', '10:00:00', '11:00:00', 'PT000006', NULL),
    ('AT000164', '2025-07-06', '11:00:00', '12:00:00', 'PT000006', NULL),
    ('AT000165', '2025-07-06', '12:00:00', '13:00:00', 'PT000006', NULL),

    ('AT000166', '2025-07-03', '07:00:00', '08:00:00', 'PT000007', NULL),
    ('AT000167', '2025-07-03', '08:00:00', '09:00:00', 'PT000007', NULL),
    ('AT000168', '2025-07-03', '09:00:00', '10:00:00', 'PT000007', NULL),
    ('AT000169', '2025-07-03', '10:00:00', '11:00:00', 'PT000007', NULL),
    ('AT000170', '2025-07-03', '11:00:00', '12:00:00', 'PT000007', NULL),
    ('AT000171', '2025-07-04', '06:00:00', '07:00:00', 'PT000007', NULL),
    ('AT000172', '2025-07-04', '07:00:00', '08:00:00', 'PT000007', NULL),
    ('AT000173', '2025-07-04', '08:00:00', '09:00:00', 'PT000007', NULL),
    ('AT000174', '2025-07-04', '10:00:00', '11:00:00', 'PT000007', NULL),
    ('AT000175', '2025-07-04', '11:00:00', '12:00:00', 'PT000007', NULL),
    ('AT000176', '2025-07-04', '12:00:00', '13:00:00', 'PT000007', NULL),
    ('AT000177', '2025-07-04', '15:00:00', '16:00:00', 'PT000007', NULL),
    ('AT000178', '2025-07-04', '16:00:00', '17:00:00', 'PT000007', NULL),
    ('AT000179', '2025-07-04', '19:00:00', '20:00:00', 'PT000007', NULL),
    ('AT000180', '2025-07-04', '20:00:00', '21:00:00', 'PT000007', NULL),
    ('AT000181', '2025-07-05', '09:00:00', '10:00:00', 'PT000007', NULL),
    ('AT000182', '2025-07-05', '10:00:00', '11:00:00', 'PT000007', NULL),
    ('AT000183', '2025-07-05', '11:00:00', '12:00:00', 'PT000007', NULL),
    ('AT000184', '2025-07-05', '12:00:00', '13:00:00', 'PT000007', NULL),
    ('AT000185', '2025-07-05', '13:00:00', '14:00:00', 'PT000007', NULL),
    ('AT000186', '2025-07-05', '14:00:00', '15:00:00', 'PT000007', NULL),
    ('AT000187', '2025-07-05', '15:00:00', '16:00:00', 'PT000007', NULL),
    ('AT000188', '2025-07-05', '16:00:00', '17:00:00', 'PT000007', NULL),
    ('AT000189', '2025-07-05', '17:00:00', '18:00:00', 'PT000007', NULL),
    ('AT000190', '2025-07-06', '08:00:00', '09:00:00', 'PT000007', NULL),
    ('AT000191', '2025-07-06', '09:00:00', '10:00:00', 'PT000007', NULL),
    ('AT000192', '2025-07-06', '10:00:00', '11:00:00', 'PT000007', NULL),
    ('AT000193', '2025-07-06', '11:00:00', '12:00:00', 'PT000007', NULL),
    ('AT000194', '2025-07-06', '12:00:00', '13:00:00', 'PT000007', NULL),
    ('AT000195', '2025-07-06', '13:00:00', '14:00:00', 'PT000007', NULL),
    ('AT000196', '2025-07-06', '14:00:00', '15:00:00', 'PT000007', NULL),
    ('AT000197', '2025-07-06', '15:00:00', '16:00:00', 'PT000007', NULL),
    ('AT000198', '2025-07-06', '16:00:00', '17:00:00', 'PT000007', NULL),

    ('AT000199', '2025-07-03', '08:00:00', '09:00:00', 'PT000008', NULL),
    ('AT000200', '2025-07-03', '09:00:00', '10:00:00', 'PT000008', NULL),
    ('AT000201', '2025-07-03', '10:00:00', '11:00:00', 'PT000008', NULL),
    ('AT000202', '2025-07-03', '11:00:00', '12:00:00', 'PT000008', NULL),
    ('AT000203', '2025-07-03', '12:00:00', '13:00:00', 'PT000008', NULL),
    ('AT000204', '2025-07-04', '10:00:00', '11:00:00', 'PT000008', NULL),
    ('AT000205', '2025-07-04', '11:00:00', '12:00:00', 'PT000008', NULL),
    ('AT000206', '2025-07-04', '12:00:00', '13:00:00', 'PT000008', NULL),
    ('AT000207', '2025-07-04', '13:00:00', '14:00:00', 'PT000008', NULL),
    ('AT000208', '2025-07-04', '14:00:00', '15:00:00', 'PT000008', NULL),
    ('AT000209', '2025-07-04', '15:00:00', '16:00:00', 'PT000008', NULL),
    ('AT000210', '2025-07-04', '16:00:00', '17:00:00', 'PT000008', NULL),
    ('AT000211', '2025-07-04', '17:00:00', '18:00:00', 'PT000008', NULL),
    ('AT000212', '2025-07-04', '18:00:00', '19:00:00', 'PT000008', NULL),
    ('AT000213', '2025-07-06', '06:00:00', '07:00:00', 'PT000008', NULL),
    ('AT000214', '2025-07-06', '07:00:00', '08:00:00', 'PT000008', NULL),
    ('AT000215', '2025-07-06', '10:00:00', '11:00:00', 'PT000008', NULL),
    ('AT000216', '2025-07-06', '11:00:00', '12:00:00', 'PT000008', NULL),
    ('AT000217', '2025-07-06', '14:00:00', '15:00:00', 'PT000008', NULL),
    ('AT000218', '2025-07-06', '15:00:00', '16:00:00', 'PT000008', NULL),
    ('AT000219', '2025-07-07', '09:00:00', '10:00:00', 'PT000008', NULL),
    ('AT000220', '2025-07-07', '10:00:00', '11:00:00', 'PT000008', NULL),
    ('AT000221', '2025-07-07', '11:00:00', '12:00:00', 'PT000008', NULL),
    ('AT000222', '2025-07-07', '12:00:00', '13:00:00', 'PT000008', NULL),
    ('AT000223', '2025-07-07', '13:00:00', '14:00:00', 'PT000008', NULL),

    ('AT000224', '2025-07-03', '06:00:00', '07:00:00', 'PT000009', NULL),
    ('AT000225', '2025-07-03', '07:00:00', '08:00:00', 'PT000009', NULL),
    ('AT000226', '2025-07-03', '10:00:00', '11:00:00', 'PT000009', NULL),
    ('AT000227', '2025-07-03', '11:00:00', '12:00:00', 'PT000009', NULL),
    ('AT000228', '2025-07-03', '14:00:00', '15:00:00', 'PT000009', NULL),
    ('AT000229', '2025-07-03', '15:00:00', '16:00:00', 'PT000009', NULL),
    ('AT000230', '2025-07-04', '07:00:00', '08:00:00', 'PT000009', NULL),
    ('AT000231', '2025-07-04', '08:00:00', '09:00:00', 'PT000009', NULL),
    ('AT000232', '2025-07-04', '09:00:00', '10:00:00', 'PT000009', NULL),
    ('AT000233', '2025-07-04', '10:00:00', '11:00:00', 'PT000009', NULL),
    ('AT000234', '2025-07-04', '11:00:00', '12:00:00', 'PT000009', NULL),
    ('AT000235', '2025-07-05', '09:00:00', '10:00:00', 'PT000009', NULL),
    ('AT000236', '2025-07-05', '10:00:00', '11:00:00', 'PT000009', NULL),
    ('AT000237', '2025-07-05', '13:00:00', '14:00:00', 'PT000009', NULL),
    ('AT000238', '2025-07-05', '14:00:00', '15:00:00', 'PT000009', NULL),
    ('AT000239', '2025-07-05', '17:00:00', '18:00:00', 'PT000009', NULL),
    ('AT000240', '2025-07-05', '18:00:00', '19:00:00', 'PT000009', NULL),
    ('AT000241', '2025-07-06', '08:00:00', '09:00:00', 'PT000009', NULL),
    ('AT000242', '2025-07-06', '09:00:00', '10:00:00', 'PT000009', NULL),
    ('AT000243', '2025-07-06', '10:00:00', '11:00:00', 'PT000009', NULL),
    ('AT000244', '2025-07-06', '11:00:00', '12:00:00', 'PT000009', NULL),
    ('AT000245', '2025-07-06', '12:00:00', '13:00:00', 'PT000009', NULL),
    ('AT000246', '2025-07-06', '13:00:00', '14:00:00', 'PT000009', NULL),
    ('AT000247', '2025-07-06', '14:00:00', '15:00:00', 'PT000009', NULL),
    ('AT000248', '2025-07-06', '15:00:00', '16:00:00', 'PT000009', NULL),
    ('AT000249', '2025-07-06', '16:00:00', '17:00:00', 'PT000009', NULL),

    ('AT000250', '2025-07-03', '07:00:00', '08:00:00', 'PT000010', NULL),
    ('AT000251', '2025-07-03', '08:00:00', '09:00:00', 'PT000010', NULL),
    ('AT000252', '2025-07-03', '09:00:00', '10:00:00', 'PT000010', NULL),
    ('AT000253', '2025-07-03', '10:00:00', '11:00:00', 'PT000010', NULL),
    ('AT000254', '2025-07-03', '11:00:00', '12:00:00', 'PT000010', NULL),
    ('AT000255', '2025-07-04', '08:00:00', '09:00:00', 'PT000010', NULL),
    ('AT000256', '2025-07-04', '09:00:00', '10:00:00', 'PT000010', NULL),
    ('AT000257', '2025-07-04', '12:00:00', '13:00:00', 'PT000010', NULL),
    ('AT000258', '2025-07-04', '13:00:00', '14:00:00', 'PT000010', NULL),
    ('AT000259', '2025-07-04', '16:00:00', '17:00:00', 'PT000010', NULL),
    ('AT000260', '2025-07-04', '17:00:00', '18:00:00', 'PT000010', NULL),
    ('AT000261', '2025-07-05', '06:00:00', '07:00:00', 'PT000010', NULL),
    ('AT000262', '2025-07-05', '07:00:00', '08:00:00', 'PT000010', NULL),
    ('AT000263', '2025-07-05', '10:00:00', '11:00:00', 'PT000010', NULL),
    ('AT000264', '2025-07-05', '11:00:00', '12:00:00', 'PT000010', NULL),
    ('AT000265', '2025-07-05', '14:00:00', '15:00:00', 'PT000010', NULL),
    ('AT000266', '2025-07-05', '15:00:00', '16:00:00', 'PT000010', NULL),
    ('AT000267', '2025-07-05', '18:00:00', '19:00:00', 'PT000010', NULL),
    ('AT000268', '2025-07-05', '19:00:00', '20:00:00', 'PT000010', NULL),
    ('AT000269', '2025-07-06', '09:00:00', '10:00:00', 'PT000010', NULL),
    ('AT000270', '2025-07-06', '10:00:00', '11:00:00', 'PT000010', NULL),
    ('AT000271', '2025-07-06', '11:00:00', '12:00:00', 'PT000010', NULL),
    ('AT000272', '2025-07-06', '12:00:00', '13:00:00', 'PT000010', NULL),
    ('AT000273', '2025-07-06', '13:00:00', '14:00:00', 'PT000010', NULL),
    ('AT000274', '2025-07-06', '14:00:00', '15:00:00', 'PT000010', NULL),
    ('AT000275', '2025-07-06', '15:00:00', '16:00:00', 'PT000010', NULL),
    ('AT000276', '2025-07-06', '16:00:00', '17:00:00', 'PT000010', NULL),

    ('AT000277', '2025-07-03', '07:00:00', '08:00:00', 'PT000011', NULL),
    ('AT000278', '2025-07-03', '08:00:00', '09:00:00', 'PT000011', NULL),
    ('AT000279', '2025-07-03', '13:00:00', '14:00:00', 'PT000011', NULL),
    ('AT000280', '2025-07-03', '14:00:00', '15:00:00', 'PT000011', NULL),
    ('AT000281', '2025-07-04', '09:00:00', '10:00:00', 'PT000011', NULL),
    ('AT000282', '2025-07-04', '10:00:00', '11:00:00', 'PT000011', NULL),
    ('AT000283', '2025-07-04', '11:00:00', '12:00:00', 'PT000011', NULL),
    ('AT000284', '2025-07-05', '06:00:00', '07:00:00', 'PT000011', NULL),
    ('AT000285', '2025-07-05', '07:00:00', '08:00:00', 'PT000011', NULL),
    ('AT000286', '2025-07-06', '08:00:00', '09:00:00', 'PT000011', NULL),
    ('AT000287', '2025-07-06', '09:00:00', '10:00:00', 'PT000011', NULL),
    ('AT000288', '2025-07-06', '10:00:00', '11:00:00', 'PT000011', NULL),

    ('AT000289', '2025-07-03', '08:00:00', '09:00:00', 'PT000012', NULL),
    ('AT000290', '2025-07-03', '09:00:00', '10:00:00', 'PT000012', NULL),
    ('AT000291', '2025-07-03', '15:00:00', '16:00:00', 'PT000012', NULL),
    ('AT000292', '2025-07-03', '16:00:00', '17:00:00', 'PT000012', NULL),
    ('AT000293', '2025-07-04', '07:00:00', '08:00:00', 'PT000012', NULL),
    ('AT000294', '2025-07-04', '08:00:00', '09:00:00', 'PT000012', NULL),
    ('AT000295', '2025-07-04', '11:00:00', '12:00:00', 'PT000012', NULL),
    ('AT000296', '2025-07-04', '12:00:00', '13:00:00', 'PT000012', NULL),
    ('AT000297', '2025-07-05', '10:00:00', '11:00:00', 'PT000012', NULL),
    ('AT000298', '2025-07-05', '11:00:00', '12:00:00', 'PT000012', NULL),
    ('AT000299', '2025-07-05', '12:00:00', '13:00:00', 'PT000012', NULL),
    ('AT000300', '2025-07-06', '09:00:00', '10:00:00', 'PT000012', NULL),
    ('AT000301', '2025-07-06', '10:00:00', '11:00:00', 'PT000012', NULL),

    ('AT000302', '2025-07-03', '06:00:00', '07:00:00', 'PT000013', NULL),
    ('AT000303', '2025-07-03', '07:00:00', '08:00:00', 'PT000013', NULL),
    ('AT000304', '2025-07-03', '10:00:00', '11:00:00', 'PT000013', NULL),
    ('AT000305', '2025-07-03', '11:00:00', '12:00:00', 'PT000013', NULL),
    ('AT000306', '2025-07-04', '08:00:00', '09:00:00', 'PT000013', NULL),
    ('AT000307', '2025-07-04', '09:00:00', '10:00:00', 'PT000013', NULL),
    ('AT000308', '2025-07-04', '14:00:00', '15:00:00', 'PT000013', NULL),
    ('AT000309', '2025-07-04', '15:00:00', '16:00:00', 'PT000013', NULL),
    ('AT000310', '2025-07-05', '09:00:00', '10:00:00', 'PT000013', NULL),
    ('AT000311', '2025-07-05', '10:00:00', '11:00:00', 'PT000013', NULL),
    ('AT000312', '2025-07-05', '11:00:00', '12:00:00', 'PT000013', NULL),
    ('AT000313', '2025-07-06', '07:00:00', '08:00:00', 'PT000013', NULL),
    ('AT000314', '2025-07-06', '08:00:00', '09:00:00', 'PT000013', NULL),

    ('AT000315', '2025-07-03', '09:00:00', '10:00:00', 'PT000014', NULL),
    ('AT000316', '2025-07-03', '10:00:00', '11:00:00', 'PT000014', NULL),
    ('AT000317', '2025-07-03', '11:00:00', '12:00:00', 'PT000014', NULL),
    ('AT000318', '2025-07-04', '06:00:00', '07:00:00', 'PT000014', NULL),
    ('AT000319', '2025-07-04', '07:00:00', '08:00:00', 'PT000014', NULL),
    ('AT000320', '2025-07-04', '12:00:00', '13:00:00', 'PT000014', NULL),
    ('AT000321', '2025-07-04', '13:00:00', '14:00:00', 'PT000014', NULL),
    ('AT000322', '2025-07-05', '08:00:00', '09:00:00', 'PT000014', NULL),
    ('AT000323', '2025-07-05', '09:00:00', '10:00:00', 'PT000014', NULL),
    ('AT000324', '2025-07-06', '10:00:00', '11:00:00', 'PT000014', NULL),
    ('AT000325', '2025-07-06', '11:00:00', '12:00:00', 'PT000014', NULL),

    ('AT000326', '2025-07-03', '11:00:00', '12:00:00', 'PT000015', NULL),
    ('AT000327', '2025-07-03', '12:00:00', '13:00:00', 'PT000015', NULL),
    ('AT000328', '2025-07-03', '13:00:00', '14:00:00', 'PT000015', NULL),
    ('AT000329', '2025-07-03', '14:00:00', '15:00:00', 'PT000015', NULL),
    ('AT000330', '2025-07-04', '07:00:00', '08:00:00', 'PT000015', NULL),
    ('AT000331', '2025-07-04', '08:00:00', '09:00:00', 'PT000015', NULL),
    ('AT000332', '2025-07-04', '09:00:00', '10:00:00', 'PT000015', NULL),
    ('AT000333', '2025-07-04', '15:00:00', '16:00:00', 'PT000015', NULL),
    ('AT000334', '2025-07-04', '16:00:00', '17:00:00', 'PT000015', NULL),
    ('AT000335', '2025-07-05', '06:00:00', '07:00:00', 'PT000015', NULL),
    ('AT000336', '2025-07-05', '07:00:00', '08:00:00', 'PT000015', NULL),
    ('AT000337', '2025-07-06', '08:00:00', '09:00:00', 'PT000015', NULL),
    ('AT000338', '2025-07-06', '09:00:00', '10:00:00', 'PT000015', NULL),

    ('AT000339', '2025-07-03', '06:00:00', '07:00:00', 'PT000016', NULL),
    ('AT000340', '2025-07-03', '07:00:00', '08:00:00', 'PT000016', NULL),
    ('AT000341', '2025-07-03', '10:00:00', '11:00:00', 'PT000016', NULL),
    ('AT000342', '2025-07-03', '11:00:00', '12:00:00', 'PT000016', NULL),
    ('AT000343', '2025-07-04', '09:00:00', '10:00:00', 'PT000016', NULL),
    ('AT000344', '2025-07-04', '10:00:00', '11:00:00', 'PT000016', NULL),
    ('AT000345', '2025-07-04', '14:00:00', '15:00:00', 'PT000016', NULL),
    ('AT000346', '2025-07-04', '15:00:00', '16:00:00', 'PT000016', NULL),
    ('AT000347', '2025-07-05', '08:00:00', '09:00:00', 'PT000016', NULL),
    ('AT000348', '2025-07-05', '09:00:00', '10:00:00', 'PT000016', NULL),
    ('AT000349', '2025-07-05', '16:00:00', '17:00:00', 'PT000016', NULL),
    ('AT000350', '2025-07-06', '07:00:00', '08:00:00', 'PT000016', NULL),
    ('AT000351', '2025-07-06', '08:00:00', '09:00:00', 'PT000016', NULL),

    ('AT000352', '2025-07-03', '07:00:00', '08:00:00', 'PT000017', NULL),
    ('AT000353', '2025-07-03', '08:00:00', '09:00:00', 'PT000017', NULL),
    ('AT000354', '2025-07-03', '12:00:00', '13:00:00', 'PT000017', NULL),
    ('AT000355', '2025-07-03', '13:00:00', '14:00:00', 'PT000017', NULL),
    ('AT000356', '2025-07-04', '08:00:00', '09:00:00', 'PT000017', NULL),
    ('AT000357', '2025-07-04', '09:00:00', '10:00:00', 'PT000017', NULL),
    ('AT000358', '2025-07-04', '15:00:00', '16:00:00', 'PT000017', NULL),
    ('AT000359', '2025-07-04', '16:00:00', '17:00:00', 'PT000017', NULL),
    ('AT000360', '2025-07-05', '09:00:00', '10:00:00', 'PT000017', NULL),
    ('AT000361', '2025-07-05', '10:00:00', '11:00:00', 'PT000017', NULL),
    ('AT000362', '2025-07-05', '11:00:00', '12:00:00', 'PT000017', NULL),
    ('AT000363', '2025-07-06', '06:00:00', '07:00:00', 'PT000017', NULL),
    ('AT000364', '2025-07-06', '07:00:00', '08:00:00', 'PT000017', NULL),

    ('AT000365', '2025-07-03', '09:00:00', '10:00:00', 'PT000018', NULL),
    ('AT000366', '2025-07-03', '10:00:00', '11:00:00', 'PT000018', NULL),
    ('AT000367', '2025-07-03', '16:00:00', '17:00:00', 'PT000018', NULL),
    ('AT000368', '2025-07-03', '17:00:00', '18:00:00', 'PT000018', NULL),
    ('AT000369', '2025-07-04', '07:00:00', '08:00:00', 'PT000018', NULL),
    ('AT000370', '2025-07-04', '08:00:00', '09:00:00', 'PT000018', NULL),
    ('AT000371', '2025-07-04', '13:00:00', '14:00:00', 'PT000018', NULL),
    ('AT000372', '2025-07-04', '14:00:00', '15:00:00', 'PT000018', NULL),
    ('AT000373', '2025-07-05', '11:00:00', '12:00:00', 'PT000018', NULL),
    ('AT000374', '2025-07-05', '12:00:00', '13:00:00', 'PT000018', NULL),
    ('AT000375', '2025-07-06', '08:00:00', '09:00:00', 'PT000018', NULL),
    ('AT000376', '2025-07-06', '09:00:00', '10:00:00', 'PT000018', NULL),
    ('AT000377', '2025-07-06', '10:00:00', '11:00:00', 'PT000018', NULL),

    ('AT000378', '2025-07-03', '10:00:00', '11:00:00', 'PT000019', NULL),
    ('AT000379', '2025-07-03', '11:00:00', '12:00:00', 'PT000019', NULL),
    ('AT000380', '2025-07-03', '18:00:00', '19:00:00', 'PT000019', NULL),
    ('AT000381', '2025-07-04', '09:00:00', '10:00:00', 'PT000019', NULL),
    ('AT000382', '2025-07-04', '10:00:00', '11:00:00', 'PT000019', NULL),
    ('AT000383', '2025-07-04', '15:00:00', '16:00:00', 'PT000019', NULL),
    ('AT000384', '2025-07-04', '16:00:00', '17:00:00', 'PT000019', NULL),
    ('AT000385', '2025-07-05', '07:00:00', '08:00:00', 'PT000019', NULL),
    ('AT000386', '2025-07-05', '08:00:00', '09:00:00', 'PT000019', NULL),
    ('AT000387', '2025-07-05', '14:00:00', '15:00:00', 'PT000019', NULL),
    ('AT000388', '2025-07-06', '09:00:00', '10:00:00', 'PT000019', NULL),
    ('AT000389', '2025-07-06', '10:00:00', '11:00:00', 'PT000019', NULL),
    ('AT000390', '2025-07-06', '11:00:00', '12:00:00', 'PT000019', NULL),

    ('AT000391', '2025-07-03', '06:00:00', '07:00:00', 'PT000020', NULL),
    ('AT000392', '2025-07-03', '07:00:00', '08:00:00', 'PT000020', NULL),
    ('AT000393', '2025-07-03', '12:00:00', '13:00:00', 'PT000020', NULL),
    ('AT000394', '2025-07-03', '13:00:00', '14:00:00', 'PT000020', NULL),
    ('AT000395', '2025-07-04', '08:00:00', '09:00:00', 'PT000020', NULL),
    ('AT000396', '2025-07-04', '09:00:00', '10:00:00', 'PT000020', NULL),
    ('AT000397', '2025-07-04', '17:00:00', '18:00:00', 'PT000020', NULL),
    ('AT000398', '2025-07-05', '06:00:00', '07:00:00', 'PT000020', NULL),
    ('AT000399', '2025-07-05', '07:00:00', '08:00:00', 'PT000020', NULL),
    ('AT000400', '2025-07-05', '14:00:00', '15:00:00', 'PT000020', NULL),
    ('AT000401', '2025-07-05', '15:00:00', '16:00:00', 'PT000020', NULL),
    ('AT000402', '2025-07-06', '09:00:00', '10:00:00', 'PT000020', NULL),
    ('AT000403', '2025-07-06', '10:00:00', '11:00:00', 'PT000020', NULL);

INSERT INTO receipt (r_id, r_date, r_final_price, c_id) VALUES
    ('R0000001', '2025-06-09', 0, 'C0000005'),
    ('R0000002', '2025-06-11', 0, 'C0000012'),
    ('R0000003', '2025-06-13', 0, 'C0000003'),
    ('R0000004', '2025-06-10', 0, 'C0000018'),
    ('R0000005', '2025-06-15', 0, 'C0000005'),
    ('R0000006', '2025-06-17', 0, 'C0000011'),
    ('R0000007', '2025-06-12', 0, 'C0000020'),
    ('R0000008', '2025-06-14', 0, 'C0000002'),
    ('R0000009', '2025-06-09', 0, 'C0000008'),
    ('R0000010', '2025-06-16', 0, 'C0000015'),
    ('R0000011', '2025-06-11', 0, 'C0000012'),
    ('R0000012', '2025-06-13', 0, 'C0000007'),
    ('R0000013', '2025-06-10', 0, 'C0000019'),
    ('R0000014', '2025-06-15', 0, 'C0000001'),
    ('R0000015', '2025-06-12', 0, 'C0000010'),
    ('R0000016', '2025-06-17', 0, 'C0000003'),
    ('R0000017', '2025-06-14', 0, 'C0000014'),
    ('R0000018', '2025-06-09', 0, 'C0000009'),
    ('R0000019', '2025-06-16', 0, 'C0000017'),
    ('R0000020', '2025-06-10', 0, 'C0000006'),
    ('R0000021', '2025-06-13', 0, 'C0000013'),
    ('R0000022', '2025-06-11', 0, 'C0000004'),
    ('R0000023', '2025-06-15', 0, 'C0000016'),
    ('R0000024', '2025-06-12', 0, 'C0000008'),
    ('R0000025', '2025-06-17', 0, 'C0000011'),
    ('R0000026', '2025-06-14', 0, 'C0000002'),
    ('R0000027', '2025-06-09', 0, 'C0000020'),
    ('R0000028', '2025-06-16', 0, 'C0000005'),
    ('R0000029', '2025-06-11', 0, 'C0000018'),
    ('R0000030', '2025-06-13', 0, 'C0000007');
    ('R0000031', '2025-06-10', 0, 'C0000001'),

    ('R0000032', '2025-06-15', 0, 'C0000006'),
    ('R0000033', '2025-06-12', 0, 'C0000019'),
    ('R0000034', '2025-06-17', 0, 'C0000004'),
    ('R0000035', '2025-06-14', 0, 'C0000010'),
    ('R0000036', '2025-06-09', 0, 'C0000016'),
    ('R0000037', '2025-06-16', 0, 'C0000002'),
    ('R0000038', '2025-06-11', 0, 'C0000009'),
    ('R0000039', '2025-06-13', 0, 'C0000017'),
    ('R0000040', '2025-06-10', 0, 'C0000005'),
    ('R0000041', '2025-06-15', 0, 'C0000012'),
    ('R0000042', '2025-06-12', 0, 'C0000003'),
    ('R0000043', '2025-06-17', 0, 'C0000020'),
    ('R0000044', '2025-06-14', 0, 'C0000008'),
    ('R0000045', '2025-06-09', 0, 'C0000011'),
    ('R0000046', '2025-06-16', 0, 'C0000013'),
    ('R0000047', '2025-06-11', 0, 'C0000007'),
    ('R0000048', '2025-06-13', 0, 'C0000018'),
    ('R0000049', '2025-06-10', 0, 'C0000001'),
    ('R0000050', '2025-06-15', 0, 'C0000015');

INSERT INTO receipt_product (r_id, p_id, rp_price, rp_amount, rp_discount) VALUES
    ('R0000001', 'P0000001', 5000.00, 2, 0.00),
    ('R0000001', 'P0000003', 25000.00, 1, 0.00),
    ('R0000002', 'P0000002', 8000.00, 2, 0.00),
    ('R0000002', 'P0000016', 3000.00, 3, 0.00),
    ('R0000003', 'P0000007', 75000.00, 1, 0.10),
    ('R0000003', 'P0000010', 150000.00, 1, 0.00),
    ('R0000004', 'P0000017', 4000.00, 5, 0.00),
    ('R0000005', 'P0000005', 50000.00, 1, 0.00),
    ('R0000005', 'P0000013', 60000.00, 2, 0.00),
    ('R0000006', 'P0000006', 120000.00, 1, 0.15),
    ('R0000007', 'P0000001', 5000.00, 4, 0.00),
    ('R0000007', 'P0000002', 8000.00, 2, 0.00),
    ('R0000007', 'P0000016', 3000.00, 2, 0.00),
    ('R0000008', 'P0000011', 180000.00, 1, 0.00),
    ('R0000008', 'P0000010', 150000.00, 1, 0.00),
    ('R0000009', 'P0000018', 35000.00, 1, 0.00),
    ('R0000010', 'P0000004', 450000.00, 1, 0.25),
    ('R0000011', 'P0000011', 180000.00, 1, 0.20),
    ('R0000011', 'P0000013', 60000.00, 1, 0.00),
    ('R0000011', 'P0000001', 5000.00, 3, 0.00),
    ('R0000012', 'P0000008', 280000.00, 1, 0.00),
    ('R0000013', 'P0000001', 5000.00, 10, 0.10),
    ('R0000014', 'P0000012', 250000.00, 1, 0.20),
    ('R0000015', 'P0000019', 90000.00, 2, 0.00),
    ('R0000016', 'P0000003', 25000.00, 4, 0.15),
    ('R0000016', 'P0000002', 8000.00, 3, 0.00),
    ('R0000017', 'P0000014', 210000.00, 1, 0.00),
    ('R0000017', 'P0000007', 75000.00, 1, 0.00),
    ('R0000018', 'P0000020', 350000.00, 1, 0.30),
    ('R0000019', 'P0000009', 320000.00, 1, 0.00),
    ('R0000020', 'P0000001', 5000.00, 1, 0.00),
    ('R0000020', 'P0000002', 8000.00, 1, 0.00),
    ('R0000020', 'P0000016', 3000.00, 2, 0.00),
    ('R0000020', 'P0000017', 4000.00, 2, 0.00),
    ('R0000021', 'P0000010', 150000.00, 1, 0.00),
    ('R0000021', 'P0000011', 180000.00, 1, 0.00),
    ('R0000022', 'P0000007', 75000.00, 2, 0.10),
    ('R0000023', 'P0000015', 650000.00, 1, 0.50),
    ('R0000024', 'P0000005', 50000.00, 1, 0.00),
    ('R0000024', 'P0000018', 35000.00, 1, 0.00),
    ('R0000025', 'P0000013', 60000.00, 2, 0.00),
    ('R0000025', 'P0000001', 5000.00, 3, 0.00),
    ('R0000025', 'P0000016', 5, 3000.00, 0.00),
    ('R0000026', 'P0000017', 4000.00, 10, 0.20),
    ('R0000026', 'P0000001', 5000.00, 5, 0.00),
    ('R0000027', 'P0000006', 120000.00, 1, 0.00),
    ('R0000027', 'P0000019', 90000.00, 1, 0.00),
    ('R0000028', 'P0000001', 5000.00, 2, 0.00),
    ('R0000028', 'P0000002', 8000.00, 2, 0.00),
    ('R0000028', 'P0000003', 25000.00, 2, 0.00),
    ('R0000029', 'P0000002', 8000.00, 4, 0.15),
    ('R0000030', 'P0000003', 25000.00, 1, 0.00),
    ('R0000030', 'P0000007', 75000.00, 1, 0.00),
    ('R0000001', 'P0000016', 3000.00, 3, 0.00),
    ('R0000002', 'P0000005', 50000.00, 1, 0.00),
    ('R0000003', 'P0000001', 5000.00, 1, 0.00),
    ('R0000004', 'P0000008', 280000.00, 1, 0.25),
    ('R0000005', 'P0000020', 350000.00, 1, 0.00),
    ('R0000006', 'P0000011', 180000.00, 1, 0.00),
    ('R0000009', 'P0000014', 210000.00, 1, 0.20),
    ('R0000010', 'P0000001', 5000.00, 5, 0.00),
    ('R0000012', 'P0000013', 60000.00, 3, 0.00),
    ('R0000013', 'P0000009', 320000.00, 1, 0.30),
    ('R0000014', 'P0000010', 150000.00, 2, 0.15),
    ('R0000015', 'P0000017', 4000.00, 5, 0.00),
    ('R0000018', 'P0000001', 5000.00, 2, 0.00),
    ('R0000019', 'P0000002', 8000.00, 2, 0.00),
    ('R0000021', 'P0000003', 25000.00, 2, 0.00);