INSERT INTO customer (c_id, c_name, c_gender, c_email, c_password) VALUES
	('C0000001', 'Budi Santoso', 'M', 'budi.s@email.com', 'pass123'),
	('C0000002', 'Dewi Lestari', 'F', 'dewi.lestari@email.com', 'pass123'),
	('C0000003', 'Agus Setiawan', 'M', 'agus.s@email.com', 'pass123'),
	('C0000004', 'Siti Aminah', 'F', 'siti.aminah@email.com', 'pass123'),
	('C0000005', 'Eko Prasetyo', 'M', 'eko.p@email.com', 'pass123'),
	('C0000006', 'Fitriani', 'F', 'fitriani@email.com', 'pass123'),
	('C0000007', 'Rizky Maulana', 'M', 'rizky.m@email.com', 'pass123'),
	('C0000008', 'Putri Wulandari', 'F', 'putri.w@email.com', 'pass123'),
	('C0000009', 'Ahmad Fauzi', 'M', 'ahmad.f@email.com', 'pass123'),
	('C0000010', 'Sri Wahyuni', 'F', 'sri.w@email.com', 'pass123'),
	('C0000011', 'Hadi Nugroho', 'M', 'hadi.n@email.com', 'pass123'),
	('C0000012', 'Indah Permata', 'F', 'indah.p@email.com', 'pass123'),
	('C0000013', 'Teguh Widodo', 'M', 'teguh.w@email.com', 'pass123'),
	('C0000014', 'Ratna Sari', 'F', 'ratna.s@email.com', 'pass123'),
	('C0000015', 'Arif Hidayat', 'M', 'arif.h@email.com', 'pass123'),
	('C0000016', 'Lina Marlina', 'F', 'lina.m@email.com', 'pass123'),
	('C0000017', 'Dian Pratama', 'M', 'dian.p@email.com', 'pass123'),
	('C0000018', 'Maya Anggraini', 'F', 'maya.a@email.com', 'pass123'),
	('C0000019', 'Fajar Sidik', 'M', 'fajar.s@email.com', 'pass123'),
	('C0000020', 'Citra Kirana', 'F', 'citra.k@email.com', 'pass123');
 
-- Employee
INSERT INTO employee (e_id, e_name, e_password, e_alamat, e_telephone, e_gender) VALUES
	('E0000001', 'Andi Wijaya', 'adminpass', 'Jl. Ngagel Jaya Selatan No. 11, Surabaya', '085678901234', 'M'),
	('E0000002', 'Rina Hartono', 'adminpass', 'Jl. Diponegoro No. 22, Surabaya', '085678901235', 'F'),
	('E0000003', 'Joko Susilo', 'adminpass', 'Jl. Basuki Rahmat No. 33, Surabaya', '085678901236', 'M'),
	('E0000004', 'Sari Puspita', 'adminpass', 'Jl. Mayjend Sungkono No. 44, Surabaya', '085678901237', 'F'),
	('E0000005', 'Bayu Prakoso', 'adminpass', 'Jl. HR Muhammad No. 55, Surabaya', '085678901238', 'M'),
	('E0000006', 'Wulan Sari', 'adminpass', 'Jl. Kutai No. 6, Surabaya', '085678901239', 'F'),
	('E0000007', 'Heru Gunawan', 'adminpass', 'Jl. Adityawarman No. 7, Surabaya', '085678901240', 'M'),
	('E0000008', 'Dina Kartika', 'adminpass', 'Jl. Sulawesi No. 8, Surabaya', '085678901241', 'F'),
	('E0000009', 'Agung Santoso', 'adminpass', 'Jl. Indragiri No. 9, Surabaya', '085678901242', 'M'),
	('E0000010', 'Eva Novita', 'adminpass', 'Jl. Bengawan No. 10, Surabaya', '085678901243', 'F'),
	('E0000011', 'Galih Ramadhan', 'adminpass', 'Jl. Opak No. 11, Surabaya', '085678901244', 'M'),
	('E0000012', 'Hesti Purwanti', 'adminpass', 'Jl. Serayu No. 12, Surabaya', '085678901245', 'F'),
	('E0000013', 'Irfan Hakim', 'adminpass', 'Jl. Brantas No. 13, Surabaya', '085678901246', 'M'),
	('E0000014', 'Jihan Audy', 'adminpass', 'Jl. Semeru No. 14, Surabaya', '085678901247', 'F'),
	('E0000015', 'Krisna Murti', 'adminpass', 'Jl. Arjuno No. 15, Surabaya', '085678901248', 'M'),
	('E0000016', 'Laila Sari', 'adminpass', 'Jl. Welirang No. 16, Surabaya', '085678901249', 'F'),
	('E0000017', 'Muhammad Iqbal', 'adminpass', 'Jl. Penanggungan No. 17, Surabaya', '085678901250', 'M'),
	('E0000018', 'Nadia Putri', 'adminpass', 'Jl. Raung No. 18, Surabaya', '085678901251', 'F'),
	('E0000019', 'Oscar Mahendra', 'adminpass', 'Jl. Ijen No. 19, Surabaya', '085678901252', 'M'),
	('E0000020', 'Paramita Rusady', 'adminpass', 'Jl. Bromo No. 20, Surabaya', '085678901253', 'F');
 
-- Product 
INSERT INTO product (p_id, p_name, p_price, p_stock) VALUES
	('P00000000001', 'Air Mineral 600ml', 5000.00, 200),
	('P00000000002', 'Minuman Isotonik', 8000.00, 150),
	('P00000000003', 'Protein Bar Coklat', 25000.00, 80),
	('P00000000004', 'Whey Protein 1kg', 450000.00, 20),
	('P00000000005', 'Handuk Gym Kecil', 50000.00, 50),
	('P00000000006', 'Sarung Tangan Gym', 120000.00, 30),
	('P00000000007', 'Shaker Bottle', 75000.00, 40),
	('P00000000008', 'Creatine Monohydrate 300g', 280000.00, 25),
	('P00000000009', 'BCAA Powder 250g', 320000.00, 30),
	('P00000000010', 'Kaos Gym Keringat', 150000.00, 60),
	('P00000000011', 'Celana Pendek Olahraga', 180000.00, 60),
	('P00000000012', 'Tas Gym', 250000.00, 25),
	('P00000000013', 'Kaus Kaki Olahraga (3 pasang)', 60000.00, 100),
	('P00000000014', 'L-Carnitine Liquid', 210000.00, 15),
	('P00000000015', 'Mass Gainer 2kg', 650000.00, 10),
	('P00000000016', 'Pisang Satuan', 3000.00, 100),
	('P00000000017', 'Kopi Hitam Sachet', 4000.00, 150),
	('P00000000018', 'Gembok Loker', 35000.00, 40),
	('P00000000019', 'Strap Angkat Beban', 90000.00, 35),
	('P00000000020', 'Sabuk Angkat Beban', 350000.00, 20);
 
-- Personal Trainer
INSERT INTO personal_trainer (pt_id, pt_name, pt_alamat, pt_password, pt_telephone, pt_gender, pt_price_per_hour, added_by_e_id) VALUES
	('PT000001', 'Doni Fitnes', 'Jl. Pucang Anom Timur II No. 19, Surabaya', 'ptpass', '087712345678', 'M', 250000.00, 'E0000001'),
	('PT000002', 'Cindy Sehat', 'Jl. Kertajaya Indah Timur No. 8, Surabaya', 'ptpass', '087712345679', 'F', 275000.00, 'E0000001'),
	('PT000003', 'Robby Kuat', 'Jl. Dharmawangsa No. 110, Surabaya', 'ptpass', '087712345680', 'M', 260000.00, 'E0000002'),
	('PT000004', 'Vina Bugar', 'Jl. Menur Pumpungan No. 12, Surabaya', 'ptpass', '087712345681', 'F', 280000.00, 'E0000002'),
	('PT000005', 'Anton Perkasa', 'Jl. Semolowaru No. 45, Surabaya', 'ptpass', '087712345682', 'M', 300000.00, 'E0000001'),
	('PT000006', 'Bella Cantika', 'Jl. Klampis Jaya No. 33, Surabaya', 'ptpass', '087712345683', 'F', 310000.00, 'E0000001'),
	('PT000007', 'Yoga Pratama', 'Jl. Medokan Ayu No. 21, Surabaya', 'ptpass', '087712345684', 'M', 250000.00, 'E0000002'),
	('PT000008', 'Diana Putri', 'Jl. Rungkut Madya No. 99, Surabaya', 'ptpass', '087712345685', 'F', 290000.00, 'E0000002'),
	('PT000009', 'Ivan Gunardi', 'Jl. Wonorejo Timur No. 5, Surabaya', 'ptpass', '087712345686', 'M', 270000.00, 'E0000001'),
	('PT000010', 'Fanny Oktavia', 'Jl. Gunung Anyar Tambak No. 1, Surabaya', 'ptpass', '087712345687', 'F', 275000.00, 'E0000001'),
	('PT000011', 'Kevin Sanjaya', 'Jl. Mulyorejo No. 77, Surabaya', 'ptpass', '087712345688', 'M', 320000.00, 'E0000002'),
	('PT000012', 'Gita Gutawa', 'Jl. Pacar Keling No. 88, Surabaya', 'ptpass', '087712345689', 'F', 300000.00, 'E0000002'),
	('PT000013', 'Leo Carnando', 'Jl. Kalikepiting No. 101, Surabaya', 'ptpass', '087712345690', 'M', 265000.00, 'E0000001'),
	('PT000014', 'Putri Ayu', 'Jl. Gebang Lor No. 22, Surabaya', 'ptpass', '087712345691', 'F', 285000.00, 'E0000001'),
	('PT000015', 'Rian Ardianto', 'Jl. Kejawan Putih Tambak No. 6A, Surabaya', 'ptpass', '087712345692', 'M', 295000.00, 'E0000002'),
	('PT000016', 'Siti Badriah', 'Jl. Keputih Tegal No. 14, Surabaya', 'ptpass', '087712345693', 'F', 290000.00, 'E0000002'),
	('PT000017', 'Taufik Hidayat', 'Jl. Arief Rachman Hakim No. 51, Surabaya', 'ptpass', '087712345694', 'M', 350000.00, 'E0000001'),
	('PT000018', 'Uut Permatasari', 'Jl. Sukolilo Dian Regency No. 2, Surabaya', 'ptpass', '087712345695', 'F', 330000.00, 'E0000001'),
	('PT000019', 'Vidi Aldiano', 'Jl. Nginden Semolo No. 10, Surabaya', 'ptpass', '087712345696', 'M', 310000.00, 'E0000002'),
	('PT000020', 'Wika Salim', 'Jl. Bratang Binangun No. 3, Surabaya', 'ptpass', '087712345697', 'F', 300000.00, 'E0000002');