INSERT INTO customer (c_id, c_name, c_gender, c_email, c_password) VALUES
    ('C0000001', 'Budi Santoso', 'M', 'budi.s@email.com', '$2b$10$AVqwHkYabA//UA5jLkf/0OnPFv3MzvSBBaKSx6B.E0DjX9ncVjK0m'),
    ('C0000002', 'Dewi Lestari', 'F', 'dewi.lestari@email.com', '$2b$10$AVqwHkYabA//UA5jLkf/0OnPFv3MzvSBBaKSx6B.E0DjX9ncVjK0m'),
    ('C0000003', 'Agus Setiawan', 'M', 'agus.s@email.com', '$2b$10$AVqwHkYabA//UA5jLkf/0OnPFv3MzvSBBaKSx6B.E0DjX9ncVjK0m'),
    ('C0000004', 'Siti Aminah', 'F', 'siti.aminah@email.com', '$2b$10$AVqwHkYabA//UA5jLkf/0OnPFv3MzvSBBaKSx6B.E0DjX9ncVjK0m'),
    ('C0000005', 'Eko Prasetyo', 'M', 'eko.p@email.com', '$2b$10$AVqwHkYabA//UA5jLkf/0OnPFv3MzvSBBaKSx6B.E0DjX9ncVjK0m'),
    ('C0000006', 'Fitriani', 'F', 'fitriani.com', '$2b$10$AVqwHkYabA//UA5jLkf/0OnPFv3MzvSBBaKSx6B.E0DjX9ncVjK0m'),
    ('C0000007', 'Rizky Maulana', 'M', 'rizky.m@email.com', '$2b$10$AVqwHkYabA//UA5jLkf/0OnPFv3MzvSBBaKSx6B.E0DjX9ncVjK0m'),
    ('C0000008', 'Putri Wulandari', 'F', 'putri.w@email.com', '$2b$10$AVqwHkYabA//UA5jLkf/0OnPFv3MzvSBBaKSx6B.E0DjX9ncVjK0m'),
    ('C0000009', 'Ahmad Fauzi', 'M', 'ahmad.f@email.com', '$2b$10$AVqwHkYabA//UA5jLkf/0OnPFv3MzvSBBaKSx6B.E0DjX9ncVjK0m'),
    ('C0000010', 'Sri Wahyuni', 'F', 'sri.w@email.com', '$2b$10$AVqwHkYabA//UA5jLkf/0OnPFv3MzvSBBaKSx6B.E0DjX9ncVjK0m'),
    ('C0000011', 'Hadi Nugroho', 'M', 'hadi.n@email.com', '$2b$10$AVqwHkYabA//UA5jLkf/0OnPFv3MzvSBBaKSx6B.E0DjX9ncVjK0m'),
    ('C0000012', 'Indah Permata', 'F', 'indah.p@email.com', '$2b$10$AVqwHkYabA//UA5jLkf/0OnPFv3MzvSBBaKSx6B.E0DjX9ncVjK0m'),
    ('C0000013', 'Teguh Widodo', 'M', 'teguh.w@email.com', '$2b$10$AVqwHkYabA//UA5jLkf/0OnPFv3MzvSBBaKSx6B.E0DjX9ncVjK0m'),
    ('C0000014', 'Ratna Sari', 'F', 'ratna.s@email.com', '$2b$10$AVqwHkYabA//UA5jLkf/0OnPFv3MzvSBBaKSx6B.E0DjX9ncVjK0m'),
    ('C0000015', 'Arif Hidayat', 'M', 'arif.h@email.com', '$2b$10$AVqwHkYabA//UA5jLkf/0OnPFv3MzvSBBaKSx6B.E0DjX9ncVjK0m'),
    ('C0000016', 'Lina Marlina', 'F', 'lina.m@email.com', '$2b$10$AVqwHkYabA//UA5jLkf/0OnPFv3MzvSBBaKSx6B.E0DjX9ncVjK0m'),
    ('C0000017', 'Dian Pratama', 'M', 'dian.p@email.com', '$2b$10$AVqwHkYabA//UA5jLkf/0OnPFv3MzvSBBaKSx6B.E0DjX9ncVjK0m'),
    ('C0000018', 'Maya Anggraini', 'F', 'maya.a@email.com', '$2b$10$AVqwHkYabA//UA5jLkf/0OnPFv3MzvSBBaKSx6B.E0DjX9ncVjK0m'),
    ('C0000019', 'Fajar Sidik', 'M', 'fajar.s@email.com', '$2b$10$AVqwHkYabA//UA5jLkf/0OnPFv3MzvSBBaKSx6B.E0DjX9ncVjK0m'),
    ('C0000020', 'Citra Kirana', 'F', 'citra.k@email.com', '$2b$10$AVqwHkYabA//UA5jLkf/0OnPFv3MzvSBBaKSx6B.E0DjX9ncVjK0m'),
    ('C0000021', 'Rendi Gunawan', 'M', 'rendi.gunawan@email.com', '$2b$10$AVqwHkYabA//UA5jLkf/0OnPFv3MzvSBBaKSx6B.E0DjX9ncVjK0m'),
    ('C0000022', 'Nia Ramadhani', 'F', 'nia.ramadhani@email.com', '$2b$10$AVqwHkYabA//UA5jLkf/0OnPFv3MzvSBBaKSx6B.E0DjX9ncVjK0m'),
    ('C0000023', 'Yuda Pratama', 'M', 'yuda.pratama@email.com', '$2b$10$AVqwHkYabA//UA5jLkf/0OnPFv3MzvSBBaKSx6B.E0DjX9ncVjK0m'),
    ('C0000024', 'Lia Kartika', 'F', 'lia.kartika@email.com', '$2b$10$AVqwHkYabA//UA5jLkf/0OnPFv3MzvSBBaKSx6B.E0DjX9ncVjK0m'),
    ('C0000025', 'Kevin Sanjaya', 'M', 'kevin.sanjaya@email.com', '$2b$10$AVqwHkYabA//UA5jLkf/0OnPFv3MzvSBBaKSx6B.E0DjX9ncVjK0m'),
    ('C0000026', 'Siska Wati', 'F', 'siska.wati@email.com', '$2b$10$AVqwHkYabA//UA5jLkf/0OnPFv3MzvSBBaKSx6B.E0DjX9ncVjK0m'),
    ('C0000027', 'Tio Nugroho', 'M', 'tio.nugroho@email.com', '$2b$10$AVqwHkYabA//UA5jLkf/0OnPFv3MzvSBBaKSx6B.E0DjX9ncVjK0m'),
    ('C0000028', 'Vina Panduwinata', 'F', 'vina.panduwinata@email.com', '$2b$10$AVqwHkYabA//UA5jLkf/0OnPFv3MzvSBBaKSx6B.E0DjX9ncVjK0m'),
    ('C0000029', 'Zainal Abidin', 'M', 'zainal.abidin@email.com', '$2b$10$AVqwHkYabA//UA5jLkf/0OnPFv3MzvSBBaKSx6B.E0DjX9ncVjK0m'),
    ('C0000030', 'Yuni Shara', 'F', 'yuni.shara@email.com', '$2b$10$AVqwHkYabA//UA5jLkf/0OnPFv3MzvSBBaKSx6B.E0DjX9ncVjK0m'),
    ('C0000031', 'Andika Perkasa', 'M', 'andika.perkasa@email.com', '$2b$10$AVqwHkYabA//UA5jLkf/0OnPFv3MzvSBBaKSx6B.E0DjX9ncVjK0m'),
    ('C0000032', 'Bella Saphira', 'F', 'bella.saphira@email.com', '$2b$10$AVqwHkYabA//UA5jLkf/0OnPFv3MzvSBBaKSx6B.E0DjX9ncVjK0m'),
    ('C0000033', 'Chandra Wijaya', 'M', 'chandra.wijaya@email.com', '$2b$10$AVqwHkYabA//UA5jLkf/0OnPFv3MzvSBBaKSx6B.E0DjX9ncVjK0m'),
    ('C0000034', 'Dian Sastrowardoyo', 'F', 'dian.sastro@email.com', '$2b$10$AVqwHkYabA//UA5jLkf/0OnPFv3MzvSBBaKSx6B.E0DjX9ncVjK0m'),
    ('C0000035', 'Evan Dimas', 'M', 'evan.dimas@email.com', '$2b$10$AVqwHkYabA//UA5jLkf/0OnPFv3MzvSBBaKSx6B.E0DjX9ncVjK0m'),
    ('C0000036', 'Gita Gutawa', 'F', 'gita.gutawa@email.com', '$2b$10$AVqwHkYabA//UA5jLkf/0OnPFv3MzvSBBaKSx6B.E0DjX9ncVjK0m'),
    ('C0000037', 'Hendro Siswanto', 'M', 'hendro.siswanto@email.com', '$2b$10$AVqwHkYabA//UA5jLkf/0OnPFv3MzvSBBaKSx6B.E0DjX9ncVjK0m'),
    ('C0000038', 'Isyana Sarasvati', 'F', 'isyana.sarasvati@email.com', '$2b$10$AVqwHkYabA//UA5jLkf/0OnPFv3MzvSBBaKSx6B.E0DjX9ncVjK0m'),
    ('C0000039', 'Joko Anwar', 'M', 'joko.anwar@email.com', '$2b$10$AVqwHkYabA//UA5jLkf/0OnPFv3MzvSBBaKSx6B.E0DjX9ncVjK0m'),
    ('C0000040', 'Krisdayanti Lemos', 'F', 'krisdayanti.l@email.com', '$2b$10$AVqwHkYabA//UA5jLkf/0OnPFv3MzvSBBaKSx6B.E0DjX9ncVjK0m'),
    ('C0000041', 'Lukman Sardi', 'M', 'lukman.sardi@email.com', '$2b$10$AVqwHkYabA//UA5jLkf/0OnPFv3MzvSBBaKSx6B.E0DjX9ncVjK0m'),
    ('C0000042', 'Maudy Ayunda', 'F', 'maudy.ayunda@email.com', '$2b$10$AVqwHkYabA//UA5jLkf/0OnPFv3MzvSBBaKSx6B.E0DjX9ncVjK0m'),
    ('C0000043', 'Nino Fernandez', 'M', 'nino.fernandez@email.com', '$2b$10$AVqwHkYabA//UA5jLkf/0OnPFv3MzvSBBaKSx6B.E0DjX9ncVjK0m'),
    ('C0000044', 'Olivia Jensen', 'F', 'olivia.jensen@email.com', '$2b$10$AVqwHkYabA//UA5jLkf/0OnPFv3MzvSBBaKSx6B.E0DjX9ncVjK0m'),
    ('C0000045', 'Pandu Adjisurya', 'M', 'pandu.adjisurya@email.com', '$2b$10$AVqwHkYabA//UA5jLkf/0OnPFv3MzvSBBaKSx6B.E0DjX9ncVjK0m'),
    ('C0000046', 'Raisa Andriana', 'F', 'raisa.andriana@email.com', '$2b$10$AVqwHkYabA//UA5jLkf/0OnPFv3MzvSBBaKSx6B.E0DjX9ncVjK0m'),
    ('C0000047', 'Rio Dewanto', 'M', 'rio.dewanto@email.com', '$2b$10$AVqwHkYabA//UA5jLkf/0OnPFv3MzvSBBaKSx6B.E0DjX9ncVjK0m'),
    ('C0000048', 'Sherina Munaf', 'F', 'sherina.munaf@email.com', '$2b$10$AVqwHkYabA//UA5jLkf/0OnPFv3MzvSBBaKSx6B.E0DjX9ncVjK0m'),
    ('C0000049', 'Tora Sudiro', 'M', 'tora.sudiro@email.com', '$2b$10$AVqwHkYabA//UA5jLkf/0OnPFv3MzvSBBaKSx6B.E0DjX9ncVjK0m'),
    ('C0000050', 'Velove Vexia', 'F', 'velove.vexia@email.com', '$2b$10$AVqwHkYabA//UA5jLkf/0OnPFv3MzvSBBaKSx6B.E0DjX9ncVjK0m'),
    ('C0000051', 'Uus Rizky', 'M', 'uus.rizky@email.com', '$2b$10$AVqwHkYabA//UA5jLkf/0OnPFv3MzvSBBaKSx6B.E0DjX9ncVjK0m'),
    ('C0000052', 'Widi Mulia', 'F', 'widi.mulia@email.com', '$2b$10$AVqwHkYabA//UA5jLkf/0OnPFv3MzvSBBaKSx6B.E0DjX9ncVjK0m'),
    ('C0000053', 'Vino Bastian', 'M', 'vino.bastian@email.com', '$2b$10$AVqwHkYabA//UA5jLkf/0OnPFv3MzvSBBaKSx6B.E0DjX9ncVjK0m'),
    ('C0000054', 'Tara Basro', 'F', 'tara.basro@email.com', '$2b$10$AVqwHkYabA//UA5jLkf/0OnPFv3MzvSBBaKSx6B.E0DjX9ncVjK0m'),
    ('C0000055', 'Surya Saputra', 'M', 'surya.saputra@email.com', '$2b$10$AVqwHkYabA//UA5jLkf/0OnPFv3MzvSBBaKSx6B.E0DjX9ncVjK0m'),
    ('C0000056', 'Shandy Aulia', 'F', 'shandy.aulia@email.com', '$2b$10$AVqwHkYabA//UA5jLkf/0OnPFv3MzvSBBaKSx6B.E0DjX9ncVjK0m'),
    ('C0000057', 'Reza Rahadian', 'M', 'reza.rahadian@email.com', '$2b$10$AVqwHkYabA//UA5jLkf/0OnPFv3MzvSBBaKSx6B.E0DjX9ncVjK0m'),
    ('C0000058', 'Pevita Pearce', 'F', 'pevita.pearce@email.com', '$2b$10$AVqwHkYabA//UA5jLkf/0OnPFv3MzvSBBaKSx6B.E0DjX9ncVjK0m'),
    ('C0000059', 'Oka Antara', 'M', 'oka.antara@email.com', '$2b$10$AVqwHkYabA//UA5jLkf/0OnPFv3MzvSBBaKSx6B.E0DjX9ncVjK0m'),
    ('C0000060', 'Nagita Slavina', 'F', 'nagita.slavina@email.com', '$2b$10$AVqwHkYabA//UA5jLkf/0OnPFv3MzvSBBaKSx6B.E0DjX9ncVjK0m');

INSERT INTO employee (e_id, e_name, e_password, e_alamat, e_telephone, e_gender) VALUES
    ('E0000001', 'Andi Wijaya', '$2b$10$lAI687eTaoc6rQl31kUqj.VjBstAu0vFv/S.Ud4D4m22siOVK2MW2', 'Jl. Ngagel Jaya Selatan No. 11, Surabaya', '085678901234', 'M'),
    ('E0000002', 'Rina Hartono', '$2b$10$lAI687eTaoc6rQl31kUqj.VjBstAu0vFv/S.Ud4D4m22siOVK2MW2', 'Jl. Diponegoro No. 22, Surabaya', '085678901235', 'F'),
    ('E0000003', 'Joko Susilo', '$2b$10$lAI687eTaoc6rQl31kUqj.VjBstAu0vFv/S.Ud4D4m22siOVK2MW2', 'Jl. Basuki Rahmat No. 33, Surabaya', '085678901236', 'M'),
    ('E0000004', 'Sari Puspita', '$2b$10$lAI687eTaoc6rQl31kUqj.VjBstAu0vFv/S.Ud4D4m22siOVK2MW2', 'Jl. Mayjend Sungkono No. 44, Surabaya', '085678901237', 'F'),
    ('E0000005', 'Bayu Prakoso', '$2b$10$lAI687eTaoc6rQl31kUqj.VjBstAu0vFv/S.Ud4D4m22siOVK2MW2', 'Jl. HR Muhammad No. 55, Surabaya', '085678901238', 'M'),
    ('E0000006', 'Wulan Sari', '$2b$10$lAI687eTaoc6rQl31kUqj.VjBstAu0vFv/S.Ud4D4m22siOVK2MW2', 'Jl. Kutai No. 6, Surabaya', '085678901239', 'F'),
    ('E0000007', 'Heru Gunawan', '$2b$10$lAI687eTaoc6rQl31kUqj.VjBstAu0vFv/S.Ud4D4m22siOVK2MW2', 'Jl. Adityawarman No. 7, Surabaya', '085678901240', 'M'),
    ('E0000008', 'Dina Kartika', '$2b$10$lAI687eTaoc6rQl31kUqj.VjBstAu0vFv/S.Ud4D4m22siOVK2MW2', 'Jl. Sulawesi No. 8, Surabaya', '085678901241', 'F'),
    ('E0000009', 'Agung Santoso', '$2b$10$lAI687eTaoc6rQl31kUqj.VjBstAu0vFv/S.Ud4D4m22siOVK2MW2', 'Jl. Indragiri No. 9, Surabaya', '085678901242', 'M'),
    ('E0000010', 'Eva Novita', '$2b$10$lAI687eTaoc6rQl31kUqj.VjBstAu0vFv/S.Ud4D4m22siOVK2MW2', 'Jl. Bengawan No. 10, Surabaya', '085678901243', 'F'),
    ('E0000011', 'Galih Ramadhan', '$2b$10$lAI687eTaoc6rQl31kUqj.VjBstAu0vFv/S.Ud4D4m22siOVK2MW2', 'Jl. Opak No. 11, Surabaya', '085678901244', 'M'),
    ('E0000012', 'Hesti Purwanti', '$2b$10$lAI687eTaoc6rQl31kUqj.VjBstAu0vFv/S.Ud4D4m22siOVK2MW2', 'Jl. Serayu No. 12, Surabaya', '085678901245', 'F'),
    ('E0000013', 'Irfan Hakim', '$2b$10$lAI687eTaoc6rQl31kUqj.VjBstAu0vFv/S.Ud4D4m22siOVK2MW2', 'Jl. Brantas No. 13, Surabaya', '085678901246', 'M'),
    ('E0000014', 'Jihan Audy', '$2b$10$lAI687eTaoc6rQl31kUqj.VjBstAu0vFv/S.Ud4D4m22siOVK2MW2', 'Jl. Semeru No. 14, Surabaya', '085678901247', 'F'),
    ('E0000015', 'Krisna Murti', '$2b$10$lAI687eTaoc6rQl31kUqj.VjBstAu0vFv/S.Ud4D4m22siOVK2MW2', 'Jl. Arjuno No. 15, Surabaya', '085678901248', 'M'),
    ('E0000016', 'Laila Sari', '$2b$10$lAI687eTaoc6rQl31kUqj.VjBstAu0vFv/S.Ud4D4m22siOVK2MW2', 'Jl. Welirang No. 16, Surabaya', '085678901249', 'F'),
    ('E0000017', 'Muhammad Iqbal', '$2b$10$lAI687eTaoc6rQl31kUqj.VjBstAu0vFv/S.Ud4D4m22siOVK2MW2', 'Jl. Penanggungan No. 17, Surabaya', '085678901250', 'M'),
    ('E0000018', 'Nadia Putri', '$2b$10$lAI687eTaoc6rQl31kUqj.VjBstAu0vFv/S.Ud4D4m22siOVK2MW2', 'Jl. Raung No. 18, Surabaya', '085678901251', 'F'),
    ('E0000019', 'Oscar Mahendra', '$2b$10$lAI687eTaoc6rQl31kUqj.VjBstAu0vFv/S.Ud4D4m22siOVK2MW2', 'Jl. Ijen No. 19, Surabaya', '085678901252', 'M'),
    ('E0000020', 'Paramita Rusady', '$2b$10$lAI687eTaoc6rQl31kUqj.VjBstAu0vFv/S.Ud4D4m22siOVK2MW2', 'Jl. Bromo No. 20, Surabaya', '085678901253', 'F');

INSERT INTO membership_type(mt_id, mt_name, mt_price_per_month) VALUES
	('MT000001', 'Bronze', 200000),
	('MT000002', 'Silver', 300000),
	('MT000003', 'Gold', 350000);

INSERT INTO membership(m_id, m_telephone, m_alamat, m_start_date, m_expired_date, c_id, mt_id) VALUES
    ('M0000001', '081234567890', 'Jl. Kenjeran No. 123, Surabaya', '2025-06-01', '2025-07-01', 'C0000001', 'MT000001'),
    ('M0000002', '081234567891', 'Jl. Mulyorejo No. 45, Surabaya', '2025-05-15', '2025-08-15', 'C0000002', 'MT000002'),
    ('M0000003', '081234567892', 'Jl. Manyar Kertoarjo No. 67, Surabaya', '2025-04-20', '2025-10-20', 'C0000003', 'MT000003'),
    ('M0000004', '081234567893', 'Jl. Raya Lontar No. 89, Surabaya', '2025-06-10', '2025-07-10', 'C0000004', 'MT000001'),
    ('M0000005', '081234567894', 'Jl. Lidah Wetan No. 101, Surabaya', '2025-03-01', '2025-09-01', 'C0000005', 'MT000002'),
    ('M0000006', '081234567895', 'Jl. Dukuh Kupang No. 112, Surabaya', '2025-06-05', '2025-08-05', 'C0000006', 'MT000001'),
    ('M0000007', '081234567896', 'Jl. Babatan Mukti No. 13, Surabaya', '2025-05-01', '2025-11-01', 'C0000007', 'MT000003'),
    ('M0000008', '081234567897', 'Jl. Wiyung No. 24, Surabaya', '2025-06-10', '2025-09-10', 'C0000008', 'MT000002'),
    ('M0000009', '081234567898', 'Jl. Tenggilis Mejoyo No. 36, Surabaya', '2025-04-01', '2025-07-01', 'C0000009', 'MT000001'),
    ('M0000010', '081234567899', 'Jl. Kalirungkut No. 48, Surabaya', '2025-03-10', '2025-06-10', 'C0000010', 'MT000001'),
    ('M0000011', '081234567800', 'Jl. Jambangan No. 59, Surabaya', '2025-02-20', '2025-08-20', 'C0000011', 'MT000002'),
    ('M0000012', '081234567801', 'Jl. Gayungan No. 70, Surabaya', '2025-06-01', '2025-07-01', 'C0000012', 'MT000001'),
    ('M0000013', '081234567802', 'Jl. Siwalankerto No. 81, Surabaya', '2025-05-05', '2025-11-05', 'C0000013', 'MT000003'),
    ('M0000014', '081234567803', 'Jl. Ketintang No. 92, Surabaya', '2025-06-10', '2025-08-10', 'C0000014', 'MT000001'),
    ('M0000015', '081234567804', 'Jl. Karah No. 103, Surabaya', '2025-04-15', '2025-10-15', 'C0000015', 'MT000002'),
    ('M0000016', '081234567805', 'Jl. Nginden Semolo No. 114, Surabaya', '2025-06-01', '2025-09-01', 'C0000016', 'MT000002'),
    ('M0000017', '081234567806', 'Jl. Raya Darmo Permai No. 125, Surabaya', '2025-03-25', '2025-06-25', 'C0000017', 'MT000001'),
    ('M0000018', '081234567807', 'Jl. Kupang Indah No. 136, Surabaya', '2025-05-10', '2025-11-10', 'C0000018', 'MT000003'),
    ('M0000019', '081234567808', 'Jl. Raya Wiyung No. 147, Surabaya', '2025-06-10', '2025-07-10', 'C0000019', 'MT000001'),
    ('M0000020', '081234567809', 'Jl. Babatan Pantai No. 158, Surabaya', '2025-04-05', '2025-10-05', 'C0000020', 'MT000002'),
    ('M0000021', '081234567810', 'Jl. Gatot Subroto No. 1, Jakarta', '2025-06-18', '2025-07-18', 'C0000021', 'MT000001'),
    ('M0000022', '081234567811', 'Jl. Sudirman No. 2, Jakarta', '2025-06-18', '2025-09-18', 'C0000022', 'MT000002'),
    ('M0000023', '081234567812', 'Jl. Thamrin No. 3, Jakarta', '2025-06-18', '2025-12-18', 'C0000023', 'MT000003'),
    ('M0000024', '081234567813', 'Jl. Asia Afrika No. 4, Bandung', '2025-06-19', '2025-07-19', 'C0000025', 'MT000001'),
    ('M0000025', '081234567814', 'Jl. Braga No. 5, Bandung', '2025-06-19', '2025-08-19', 'C0000026', 'MT000001'),
    ('M0000026', '081234567815', 'Jl. Cihampelas No. 6, Bandung', '2025-06-19', '2025-09-19', 'C0000028', 'MT000002'),
    ('M0000027', '081234567816', 'Jl. Malioboro No. 7, Yogyakarta', '2025-06-20', '2026-06-20', 'C0000030', 'MT000003'),
    ('M0000028', '081234567817', 'Jl. Kaliurang No. 8, Yogyakarta', '2025-06-20', '2025-08-20', 'C0000031', 'MT000002'),
    ('M0000029', '081234567818', 'Jl. Gejayan No. 9, Yogyakarta', '2025-06-21', '2025-07-21', 'C0000033', 'MT000001'),
    ('M0000030', '081234567819', 'Jl. Pemuda No. 10, Semarang', '2025-06-21', '2025-10-21', 'C0000034', 'MT000002'),
    ('M0000031', '081234567820', 'Jl. Pandanaran No. 11, Semarang', '2025-06-22', '2025-09-22', 'C0000036', 'MT000002'),
    ('M0000032', '081234567821', 'Jl. Gajah Mada No. 12, Semarang', '2025-06-22', '2026-02-22', 'C0000037', 'MT000003'),
    ('M0000033', '081234567822', 'Jl. Tunjungan No. 13, Surabaya', '2025-06-23', '2025-07-23', 'C0000039', 'MT000001'),
    ('M0000034', '081234567823', 'Jl. Darmo No. 14, Surabaya', '2025-06-23', '2025-08-23', 'C0000040', 'MT000001'),
    ('M0000035', '081234567824', 'Jl. Kertajaya No. 15, Surabaya', '2025-06-24', '2025-12-24', 'C0000042', 'MT000003'),
    ('M0000036', '081234567825', 'Jl. Sunset Road No. 16, Bali', '2025-06-24', '2025-08-24', 'C0000044', 'MT000002'),
    ('M0000037', '081234567826', 'Jl. Legian No. 17, Bali', '2025-06-25', '2025-09-25', 'C0000045', 'MT000002'),
    ('M0000038', '081234567827', 'Jl. Pantai Kuta No. 18, Bali', '2025-06-25', '2025-07-25', 'C0000047', 'MT000001'),
    ('M0000039', '081234567828', 'Jl. Slamet Riyadi No. 19, Solo', '2025-06-26', '2026-06-26', 'C0000049', 'MT000003'),
    ('M0000040', '081234567829', 'Jl. Urip Sumoharjo No. 20, Solo', '2025-06-26', '2025-07-26', 'C0000050', 'MT000001'),
    ('M0000041', '081234567830', 'Jl. Veteran No. 21, Solo', '2025-06-27', '2025-09-27', 'C0000052', 'MT000002'),
    ('M0000042', '081234567831', 'Jl. Ahmad Yani No. 22, Medan', '2025-06-27', '2025-10-27', 'C0000054', 'MT000002'),
    ('M0000043', '081234567832', 'Jl. Sudirman No. 23, Medan', '2025-06-28', '2026-03-28', 'C0000056', 'MT000003'),
    ('M0000044', '081234567833', 'Jl. Gatot Subroto No. 24, Medan', '2025-06-28', '2025-08-28', 'C0000058', 'MT000001');

INSERT INTO product (p_id, p_name, p_price, p_stock) VALUES
    ('P0000001', 'Air Mineral 600ml', 5000.00, 200),
    ('P0000002', 'Minuman Isotonik', 8000.00, 150),
    ('P0000003', 'Protein Bar Coklat', 25000.00, 80),
    ('P0000004', 'Whey Protein 1kg', 450000.00, 20),
    ('P0000005', 'Handuk Gym Kecil', 50000.00, 50),
    ('P0000006', 'Sarung Tangan Gym', 120000.00, 30),
    ('P0000007', 'Shaker Bottle', 75000.00, 40),
    ('P0000008', 'Creatine Monohydrate 300g', 280000.00, 25),
    ('P0000009', 'BCAA Powder 250g', 320000.00, 30),
    ('P0000010', 'Kaos Gym Keringat', 150000.00, 60),
    ('P0000011', 'Celana Pendek Olahraga', 180000.00, 60),
    ('P0000012', 'Tas Gym', 250000.00, 25),
    ('P0000013', 'Kaus Kaki Olahraga (3 pasang)', 60000.00, 100),
    ('P0000014', 'L-Carnitine Liquid', 210000.00, 15),
    ('P0000015', 'Mass Gainer 2kg', 650000.00, 10),
    ('P0000016', 'Pisang Satuan', 3000.00, 100),
    ('P0000017', 'Kopi Hitam Sachet', 4000.00, 150),
    ('P0000018', 'Gembok Loker', 35000.00, 40),
    ('P0000019', 'Strap Angkat Beban', 90000.00, 35),
    ('P0000020', 'Sabuk Angkat Beban', 350000.00, 20);

INSERT INTO personal_trainer (pt_id, pt_name, pt_alamat, pt_password, pt_telephone, pt_gender, pt_price_per_hour, added_by_e_id) VALUES
    ('PT000001', 'Doni Fitnes', 'Jl. Pucang Anom Timur II No. 19, Surabaya', '$2b$10$c5lnG7jcpvuzny5pFpAdreSEl78pdkv3lOmSYuW9k.0ETLmwolsz6', '087712345678', 'M', 250000.00, 'E0000001'),
    ('PT000002', 'Cindy Sehat', 'Jl. Kertajaya Indah Timur No. 8, Surabaya', '$2b$10$c5lnG7jcpvuzny5pFpAdreSEl78pdkv3lOmSYuW9k.0ETLmwolsz6', '087712345679', 'F', 275000.00, 'E0000001'),
    ('PT000003', 'Robby Kuat', 'Jl. Dharmawangsa No. 110, Surabaya', '$2b$10$c5lnG7jcpvuzny5pFpAdreSEl78pdkv3lOmSYuW9k.0ETLmwolsz6', '087712345680', 'M', 260000.00, 'E0000002'),
    ('PT000004', 'Vina Bugar', 'Jl. Menur Pumpungan No. 12, Surabaya', '$2b$10$c5lnG7jcpvuzny5pFpAdreSEl78pdkv3lOmSYuW9k.0ETLmwolsz6', '087712345681', 'F', 280000.00, 'E0000002'),
    ('PT000005', 'Anton Perkasa', 'Jl. Semolowaru No. 45, Surabaya', '$2b$10$c5lnG7jcpvuzny5pFpAdreSEl78pdkv3lOmSYuW9k.0ETLmwolsz6', '087712345682', 'M', 300000.00, 'E0000001'),
    ('PT000006', 'Bella Cantika', 'Jl. Klampis Jaya No. 33, Surabaya', '$2b$10$c5lnG7jcpvuzny5pFpAdreSEl78pdkv3lOmSYuW9k.0ETLmwolsz6', '087712345683', 'F', 310000.00, 'E0000001'),
    ('PT000007', 'Yoga Pratama', 'Jl. Medokan Ayu No. 21, Surabaya', '$2b$10$c5lnG7jcpvuzny5pFpAdreSEl78pdkv3lOmSYuW9k.0ETLmwolsz6', '087712345684', 'M', 250000.00, 'E0000002'),
    ('PT000008', 'Diana Putri', 'Jl. Rungkut Madya No. 99, Surabaya', '$2b$10$c5lnG7jcpvuzny5pFpAdreSEl78pdkv3lOmSYuW9k.0ETLmwolsz6', '087712345685', 'F', 290000.00, 'E0000002'),
    ('PT000009', 'Ivan Gunardi', 'Jl. Wonorejo Timur No. 5, Surabaya', '$2b$10$c5lnG7jcpvuzny5pFpAdreSEl78pdkv3lOmSYuW9k.0ETLmwolsz6', '087712345686', 'M', 270000.00, 'E0000001'),
    ('PT000010', 'Fanny Oktavia', 'Jl. Gunung Anyar Tambak No. 1, Surabaya', '$2b$10$c5lnG7jcpvuzny5pFpAdreSEl78pdkv3lOmSYuW9k.0ETLmwolsz6', '087712345687', 'F', 275000.00, 'E0000002'),
    ('PT000011', 'Kevin Jaya', 'Jl. Sukosemolo Raya No. 20, Surabaya', '$2b$10$c5lnG7jcpvuzny5pFpAdreSEl78pdkv3lOmSYuW9k.0ETLmwolsz6', '087712345688', 'M', 285000.00, 'E0000001'),
    ('PT000012', 'Linda Perkasa', 'Jl. Arif Rahman Hakim No. 70, Surabaya', '$2b$10$c5lnG7jcpvuzny5pFpAdreSEl78pdkv3lOmSYuW9k.0ETLmwolsz6', '087712345689', 'F', 295000.00, 'E0000002'),
    ('PT000013', 'Bima Sakti', 'Jl. Keputih Tegal No. 15, Surabaya', '$2b$10$c5lnG7jcpvuzny5pFpAdreSEl78pdkv3lOmSYuW9k.0ETLmwolsz6', '087712345690', 'M', 265000.00, 'E0000001'),
    ('PT000014', 'Citra Indah', 'Jl. Gebang Putih No. 40, Surabaya', '$2b$10$c5lnG7jcpvuzny5pFpAdreSEl78pdkv3lOmSYuW9k.0ETLmwolsz6', '087712345691', 'F', 305000.00, 'E0000002'),
    ('PT000015', 'Danu Sehat', 'Jl. Mulyorejo No. 100, Surabaya', '$2b$10$c5lnG7jcpvuzny5pFpAdreSEl78pdkv3lOmSYuW9k.0ETLmwolsz6', '087712345692', 'M', 270000.00, 'E0000001'),
    ('PT000016', 'Eka Bugar', 'Jl. Manyar Kertoarjo No. 25, Surabaya', '$2b$10$c5lnG7jcpvuzny5pFpAdreSEl78pdkv3lOmSYuW9k.0ETLmwolsz6', '087712345693', 'F', 315000.00, 'E0000002'),
    ('PT000017', 'Gilang Perkasa', 'Jl. Raya Laguna No. 12, Surabaya', '$2b$10$c5lnG7jcpvuzny5pFpAdreSEl78pdkv3lOmSYuW9k.0ETLmwolsz6', '087712345694', 'M', 280000.00, 'E0000001'),
    ('PT000018', 'Hana Fitnes', 'Jl. Raya Darmo Permai III No. 88, Surabaya', '$2b$10$c5lnG7jcpvuzny5pFpAdreSEl78pdkv3lOmSYuW9k.0ETLmwolsz6', '087712345695', 'F', 320000.00, 'E0000002'),
    ('PT000019', 'Joko Kuat', 'Jl. Lontar No. 77, Surabaya', '$2b$10$c5lnG7jcpvuzny5pFpAdreSEl78pdkv3lOmSYuW9k.0ETLmwolsz6', '087712345696', 'M', 290000.00, 'E0000001'),
    ('PT000020', 'Kiki Ceria', 'Jl. Babatan Mukti No. 50, Surabaya', '$2b$10$c5lnG7jcpvuzny5pFpAdreSEl78pdkv3lOmSYuW9k.0ETLmwolsz6', '087712345697', 'F', 300000.00, 'E0000002');

INSERT INTO training_session(ts_id, ts_start_time, ts_end_time, c_id) VALUES
    ('TS000001', '2025-06-08 14:15:00', '2025-06-08 15:45:00', 'C0000001'),
    ('TS000002', '2025-06-11 09:00:00', '2025-06-11 10:30:00', 'C0000001'),
    ('TS000003', '2025-06-14 17:00:00', '2025-06-14 18:30:00', 'C0000001'),
    ('TS000004', '2025-06-17 07:00:00', '2025-06-17 08:45:00', 'C0000001'),
    ('TS000005', '2025-06-20 10:00:00', '2025-06-20 11:15:00', 'C0000001'),
    ('TS000006', '2025-06-23 15:00:00', '2025-06-23 16:00:00', 'C0000001'),
    ('TS000007', '2025-06-26 19:00:00', '2025-06-26 20:45:00', 'C0000001'),
    ('TS000008', '2025-06-29 11:00:00', '2025-06-29 12:30:00', 'C0000001'),

    ('TS000009', '2025-06-09 17:00:00', '2025-06-09 18:45:00', 'C0000002'),
    ('TS000010', '2025-06-12 06:45:00', '2025-06-12 08:30:00', 'C0000002'),
    ('TS000011', '2025-06-15 10:00:00', '2025-06-15 11:30:00', 'C0000002'),
    ('TS000012', '2025-06-18 14:00:00', '2025-06-18 15:00:00', 'C0000002'),
    ('TS000013', '2025-06-21 08:00:00', '2025-06-21 09:45:00', 'C0000002'),
    ('TS000014', '2025-06-24 16:00:00', '2025-06-24 17:15:00', 'C0000002'),
    ('TS000015', '2025-06-27 20:00:00', '2025-06-27 21:30:00', 'C0000002'),

    ('TS000016', '2025-06-07 10:00:00', '2025-06-07 11:30:00', 'C0000003'),
    ('TS000017', '2025-06-13 13:00:00', '2025-06-13 14:45:00', 'C0000003'),
    ('TS000018', '2025-06-15 19:00:00', '2025-06-15 20:15:00', 'C0000003'),
    ('TS000019', '2025-06-19 09:00:00', '2025-06-19 10:30:00', 'C0000003'),
    ('TS000020', '2025-06-22 17:00:00', '2025-06-22 18:00:00', 'C0000003'),
    ('TS000021', '2025-06-25 07:00:00', '2025-06-25 08:15:00', 'C0000003'),

    ('TS000022', '2025-06-09 10:30:00', '2025-06-09 12:15:00', 'C0000004'),
    ('TS000023', '2025-06-14 16:00:00', '2025-06-14 17:15:00', 'C0000004'),
    ('TS000024', '2025-06-18 08:00:00', '2025-06-18 09:00:00', 'C0000004'),
    ('TS000025', '2025-06-21 13:00:00', '2025-06-21 14:30:00', 'C0000004'),
    ('TS000026', '2025-06-24 18:00:00', '2025-06-24 19:15:00', 'C0000004'),
    ('TS000027', '2025-06-27 06:00:00', '2025-06-27 07:45:00', 'C0000004'),
    ('TS000028', '2025-06-30 10:00:00', '2025-06-30 11:30:00', 'C0000004'),

    ('TS000029', '2025-06-11 08:00:00', '2025-06-11 09:30:00', 'C0000005'),
    ('TS000030', '2025-06-13 13:00:00', '2025-06-13 14:45:00', 'C0000005'),
    ('TS000031', '2025-06-16 18:00:00', '2025-06-16 19:00:00', 'C0000005'),
    ('TS000032', '2025-06-19 07:00:00', '2025-06-19 08:15:00', 'C0000005'),
    ('TS000033', '2025-06-22 10:00:00', '2025-06-22 11:45:00', 'C0000005'),
    ('TS000034', '2025-06-25 15:00:00', '2025-06-25 16:30:00', 'C0000005'),
    ('TS000035', '2025-06-28 20:00:00', '2025-06-28 21:15:00', 'C0000005'),

    ('TS000036', '2025-06-08 07:00:00', '2025-06-08 08:30:00', 'C0000006'),
    ('TS000037', '2025-06-11 16:00:00', '2025-06-11 17:45:00', 'C0000006'),
    ('TS000038', '2025-06-14 13:00:00', '2025-06-14 14:00:00', 'C0000006'),
    ('TS000039', '2025-06-17 10:00:00', '2025-06-17 11:15:00', 'C0000006'),
    ('TS000040', '2025-06-20 19:00:00', '2025-06-20 20:30:00', 'C0000006'),
    ('TS000041', '2025-06-23 08:00:00', '2025-06-23 09:45:00', 'C0000006'),

    ('TS000042', '2025-06-07 17:30:00', '2025-06-07 19:30:00', 'C0000007'),
    ('TS000043', '2025-06-10 06:00:00', '2025-06-10 07:00:00', 'C0000007'),
    ('TS000044', '2025-06-13 14:00:00', '2025-06-13 15:15:00', 'C0000007'),
    ('TS000045', '2025-06-16 20:00:00', '2025-06-16 21:00:00', 'C0000007'),
    ('TS000046', '2025-06-19 11:00:00', '2025-06-19 12:45:00', 'C0000007'),
    ('TS000047', '2025-06-22 09:00:00', '2025-06-22 10:30:00', 'C0000007'),
    ('TS000048', '2025-06-25 17:00:00', '2025-06-25 18:30:00', 'C0000007'),
    ('TS000049', '2025-06-28 07:00:00', '2025-06-28 08:45:00', 'C0000007'),

    ('TS000050', '2025-06-10 11:15:00', '2025-06-10 12:45:00', 'C0000008'),
    ('TS000051', '2025-06-13 18:00:00', '2025-06-13 19:15:00', 'C0000008'),
    ('TS000052', '2025-06-16 09:00:00', '2025-06-16 10:00:00', 'C0000008'),
    ('TS000053', '2025-06-19 14:00:00', '2025-06-19 15:30:00', 'C0000008'),
    ('TS000054', '2025-06-22 20:00:00', '2025-06-22 21:45:00', 'C0000008'),

    ('TS000055', '2025-06-09 15:30:00', '2025-06-09 16:30:00', 'C0000009'),
    ('TS000056', '2025-06-13 07:00:00', '2025-06-13 08:45:00', 'C0000009'),
    ('TS000057', '2025-06-17 12:00:00', '2025-06-17 13:15:00', 'C0000009'),
    ('TS000058', '2025-06-20 08:00:00', '2025-06-20 09:30:00', 'C0000009'),
    ('TS000059', '2025-06-23 17:00:00', '2025-06-23 18:45:00', 'C0000009'),

    ('TS000060', '2025-06-11 10:00:00', '2025-06-11 11:45:00', 'C0000010'),
    ('TS000061', '2025-06-14 06:00:00', '2025-06-14 07:00:00', 'C0000010'),
    ('TS000062', '2025-06-16 20:30:00', '2025-06-16 21:15:00', 'C0000010'),
    ('TS000063', '2025-06-19 15:00:00', '2025-06-19 16:30:00', 'C0000010'),
    ('TS000064', '2025-06-22 10:00:00', '2025-06-22 11:15:00', 'C0000010'),
    ('TS000065', '2025-06-25 18:00:00', '2025-06-25 19:45:00', 'C0000010'),

    ('TS000066', '2025-06-08 09:00:00', '2025-06-08 10:30:00', 'C0000011'),
    ('TS000067', '2025-06-15 14:00:00', '2025-06-15 15:00:00', 'C0000011'),
    ('TS000068', '2025-06-18 07:00:00', '2025-06-18 08:45:00', 'C0000011'),
    ('TS000069', '2025-06-21 11:00:00', '2025-06-21 12:30:00', 'C0000011'),

    ('TS000070', '2025-06-07 08:00:00', '2025-06-07 09:30:00', 'C0000012'),
    ('TS000071', '2025-06-11 14:45:00', '2025-06-11 16:00:00', 'C0000012'),
    ('TS000072', '2025-06-14 17:00:00', '2025-06-14 18:45:00', 'C0000012'),
    ('TS000073', '2025-06-17 10:00:00', '2025-06-17 11:15:00', 'C0000012'),
    ('TS000074', '2025-06-20 06:00:00', '2025-06-20 07:00:00', 'C0000012'),
    ('TS000075', '2025-06-23 15:00:00', '2025-06-23 16:30:00', 'C0000012'),
    ('TS000076', '2025-06-26 20:00:00', '2025-06-26 21:45:00', 'C0000012'),
    ('TS000077', '2025-06-29 09:00:00', '2025-06-29 10:30:00', 'C0000012'),

    ('TS000078', '2025-06-10 19:00:00', '2025-06-10 20:45:00', 'C0000013'),
    ('TS000079', '2025-06-14 06:00:00', '2025-06-14 07:45:00', 'C0000013'),
    ('TS000080', '2025-06-17 14:00:00', '2025-06-17 15:30:00', 'C0000013'),
    ('TS000081', '2025-06-20 10:00:00', '2025-06-20 11:00:00', 'C0000013'),
    ('TS000082', '2025-06-23 18:00:00', '2025-06-23 19:15:00', 'C0000013'),
    ('TS000083', '2025-06-26 07:00:00', '2025-06-26 08:30:00', 'C0000013'),

    ('TS000084', '2025-06-09 18:00:00', '2025-06-09 20:00:00', 'C0000014'),
    ('TS000085', '2025-06-12 09:30:00', '2025-06-12 10:45:00', 'C0000014'),
    ('TS000086', '2025-06-15 15:00:00', '2025-06-15 16:30:00', 'C0000014'),
    ('TS000087', '2025-06-18 06:00:00', '2025-06-18 07:15:00', 'C0000014'),
    ('TS000088', '2025-06-21 19:00:00', '2025-06-21 20:45:00', 'C0000014'),
    ('TS000089', '2025-06-24 10:00:00', '2025-06-24 11:00:00', 'C0000014'),
    ('TS000090', '2025-06-27 16:00:00', '2025-06-27 17:30:00', 'C0000014'),
    ('TS000091', '2025-06-30 08:00:00', '2025-06-30 09:45:00', 'C0000014'),

    ('TS000092', '2025-06-12 10:15:00', '2025-06-12 11:30:00', 'C0000015'),
    ('TS000093', '2025-06-15 16:00:00', '2025-06-15 17:30:00', 'C0000015'),
    ('TS000094', '2025-06-18 09:00:00', '2025-06-18 10:45:00', 'C0000015'),
    ('TS000095', '2025-06-21 14:00:00', '2025-06-21 15:00:00', 'C0000015'),
    ('TS000096', '2025-06-24 20:00:00', '2025-06-24 21:30:00', 'C0000015'),

    ('TS000097', '2025-06-09 11:00:00', '2025-06-09 12:00:00', 'C0000016'),
    ('TS000098', '2025-06-13 19:00:00', '2025-06-13 20:30:00', 'C0000016'),
    ('TS000099', '2025-06-15 08:30:00', '2025-06-15 09:15:00', 'C0000016'),
    ('TS000100', '2025-06-17 07:00:00', '2025-06-17 08:45:00', 'C0000016'),
    ('TS000101', '2025-06-20 16:00:00', '2025-06-20 17:15:00', 'C0000016'),
    ('TS000102', '2025-06-23 09:00:00', '2025-06-23 10:30:00', 'C0000016'),
    ('TS000103', '2025-06-26 14:00:00', '2025-06-26 15:00:00', 'C0000016'),
    ('TS000104', '2025-06-29 20:00:00', '2025-06-29 21:45:00', 'C0000016'),

    ('TS000105', '2025-06-07 12:00:00', '2025-06-07 13:45:00', 'C0000017'),
    ('TS000106', '2025-06-10 07:00:00', '2025-06-10 08:30:00', 'C0000017'),
    ('TS000107', '2025-06-14 15:00:00', '2025-06-14 16:00:00', 'C0000017'),
    ('TS000108', '2025-06-17 11:00:00', '2025-06-17 12:15:00', 'C0000017'),
    ('TS000109', '2025-06-20 18:00:00', '2025-06-20 19:45:00', 'C0000017'),
    ('TS000110', '2025-06-23 06:00:00', '2025-06-23 07:30:00', 'C0000017'),
    ('TS000111', '2025-06-26 10:00:00', '2025-06-26 11:00:00', 'C0000017'),

    ('TS000112', '2025-06-10 16:00:00', '2025-06-10 17:30:00', 'C0000018'),
    ('TS000113', '2025-06-13 09:45:00', '2025-06-13 11:00:00', 'C0000018'),
    ('TS000114', '2025-06-16 14:00:00', '2025-06-16 15:45:00', 'C0000018'),
    ('TS000115', '2025-06-19 20:00:00', '2025-06-19 21:30:00', 'C0000018'),
    ('TS000116', '2025-06-22 08:00:00', '2025-06-22 09:15:00', 'C0000018'),
    ('TS000117', '2025-06-25 13:00:00', '2025-06-25 14:00:00', 'C0000018'),
    ('TS000118', '2025-06-28 17:00:00', '2025-06-28 18:30:00', 'C0000018'),

    ('TS000119', '2025-06-08 20:00:00', '2025-06-08 21:30:00', 'C0000019'),
    ('TS000120', '2025-06-11 07:00:00', '2025-06-11 08:45:00', 'C0000019'),
    ('TS000121', '2025-06-13 11:45:00', '2025-06-13 13:15:00', 'C0000019'),
    ('TS000122', '2025-06-15 16:00:00', '2025-06-15 17:00:00', 'C0000019'),
    ('TS000123', '2025-06-18 10:00:00', '2025-06-18 11:30:00', 'C0000019'),
    ('TS000124', '2025-06-21 19:00:00', '2025-06-21 20:15:00', 'C0000019'),
    ('TS000125', '2025-06-24 08:00:00', '2025-06-24 09:45:00', 'C0000019'),
    ('TS000126', '2025-06-27 14:00:00', '2025-06-27 15:30:00', 'C0000019'),

    ('TS000127', '2025-06-11 15:00:00', '2025-06-11 16:45:00', 'C0000020'),
    ('TS000128', '2025-06-14 09:00:00', '2025-06-14 10:00:00', 'C0000020'),
    ('TS000129', '2025-06-16 07:30:00', '2025-06-16 08:45:00', 'C0000020'),
    ('TS000130', '2025-06-17 18:00:00', '2025-06-17 19:30:00', 'C0000020'),
    ('TS000131', '2025-06-20 06:00:00', '2025-06-20 07:15:00', 'C0000020'),
    ('TS000132', '2025-06-23 13:00:00', '2025-06-23 14:45:00', 'C0000020'),
    ('TS000133', '2025-06-26 20:00:00', '2025-06-26 21:00:00', 'C0000020'),
    ('TS000134', '2025-06-29 10:00:00', '2025-06-29 11:30:00', 'C0000020'),

    ('TS000135', '2025-07-03 17:00:00', '2025-07-03 20:00:00', 'C0000002'),
    ('TS000136', '2025-07-05 10:00:00', '2025-07-05 11:00:00', 'C0000003'),
    ('TS000137', '2025-07-03 08:30:00', '2025-07-03 11:00:00', 'C0000003'),
    ('TS000138', '2025-07-03 08:00:00', '2025-07-03 10:30:00', 'C0000004'),
    ('TS000139', '2025-07-03 15:00:00', '2025-07-03 18:00:00', 'C0000005'),
    ('TS000140', '2025-07-05 13:00:00', '2025-07-05 15:45:00', 'C0000006'),
    ('TS000141', '2025-07-03 08:00:00', '2025-07-03 10:00:00', 'C0000007'),
    ('TS000142', '2025-07-04 08:00:00', '2025-07-04 09:30:00', 'C0000008'),
    ('TS000143', '2025-07-04 14:00:00', '2025-07-04 16:00:00', 'C0000009'),
    ('TS000144', '2025-07-05 10:00:00', '2025-07-05 11:30:00', 'C0000010'),
    ('TS000145', '2025-07-04 15:00:00', '2025-07-04 17:00:00', 'C0000002'),
    ('TS000146', '2025-07-05 16:00:00', '2025-07-05 18:00:00', 'C0000002'),
    ('TS000147', '2025-07-04 18:30:00', '2025-07-04 20:00:00', 'C0000003'),
    ('TS000148', '2025-07-04 16:00:00', '2025-07-04 17:30:00', 'C0000004'),
    ('TS000149', '2025-07-06 16:00:00', '2025-07-06 18:00:00', 'C0000005'),
    ('TS000150', '2025-07-06 13:00:00', '2025-07-06 15:45:00', 'C0000006'),
    ('TS000151', '2025-07-04 08:00:00', '2025-07-04 10:00:00', 'C0000007'),
    ('TS000152', '2025-07-05 14:00:00', '2025-07-05 16:30:00', 'C0000008'),
    ('TS000153', '2025-07-05 19:00:00', '2025-07-05 20:00:00', 'C0000009'),
    ('TS000154', '2025-07-06 09:00:00', '2025-07-06 10:30:00', 'C0000010'),
    ('TS000155', '2025-07-06 11:00:00', '2025-07-06 13:00:00', 'C0000002'),
    ('TS000156', '2025-07-07 09:00:00', '2025-07-07 11:00:00', 'C0000002'),
    ('TS000157', '2025-07-06 16:00:00', '2025-07-06 17:30:00', 'C0000003'),
    ('TS000158', '2025-07-05 09:00:00', '2025-07-05 13:00:00', 'C0000004'),
    ('TS000159', '2025-07-03 11:00:00', '2025-07-03 13:00:00', 'C0000005'),
    ('TS000160', '2025-07-03 10:00:00', '2025-07-03 12:45:00', 'C0000006'),
    ('TS000161', '2025-07-05 10:00:00', '2025-07-05 11:00:00', 'C0000007'),
    ('TS000162', '2025-07-06 09:00:00', '2025-07-06 11:30:00', 'C0000008'),
    ('TS000163', '2025-07-06 14:00:00', '2025-07-06 16:00:00', 'C0000009'),
    ('TS000164', '2025-07-03 08:00:00', '2025-07-03 10:30:00', 'C0000010'),

    ('TS000165', '2025-07-04 10:55:00', '2025-07-04 12:55:00', 'C0000011'),
    ('TS000166', '2025-07-04 15:00:00', '2025-07-04 16:00:00', 'C0000013'),
    ('TS000167', '2025-07-04 18:45:00', '2025-07-04 20:00:00', 'C0000014'),
    ('TS000168', '2025-07-05 09:00:00', '2025-07-05 10:05:37', 'C0000011'),
    ('TS000169', '2025-07-05 10:00:00', '2025-07-05 12:30:19', 'C0000015'),
    ('TS000170', '2025-07-05 13:00:00', '2025-07-05 15:10:28', 'C0000016'),
    ('TS000171', '2025-07-05 16:00:00', '2025-07-05 17:30:00', 'C0000018'),
    ('TS000172', '2025-07-06 08:00:00', '2025-07-06 11:27:33', 'C0000011'),
    ('TS000173', '2025-07-06 12:00:00', '2025-07-06 14:00:00', 'C0000014'),
    ('TS000174', '2025-07-06 15:10:00', '2025-07-06 17:30:00', 'C0000015'),
    ('TS000175', '2025-07-03 08:30:00', '2025-07-03 10:20:00', 'C0000011'),
    ('TS000176', '2025-07-06 10:00:00', '2025-07-06 12:20:00', 'C0000016'),
    ('TS000177', '2025-07-07 11:00:00', '2025-07-07 12:20:00', 'C0000020'),
    ('TS000178', '2025-07-03 10:00:00', '2025-07-03 12:20:00', 'C0000020'),
    ('TS000179', '2025-07-03 14:00:00', '2025-07-03 17:30:00', 'C0000020'),
    ('TS000180', '2025-07-04 08:00:00', '2025-07-04 09:30:00', 'C0000016'),
    ('TS000181', '2025-07-03 08:00:00', '2025-07-04 10:30:00', 'C0000019'),
    ('TS000182', '2025-07-05 18:00:00', '2025-07-05 20:00:00', 'C0000019'),
    ('TS000183', '2025-07-03 13:00:00', '2025-07-03 14:10:00', 'C0000019'),
    ('TS000184', '2025-07-06 10:00:00', '2025-07-06 11:10:00', 'C0000013'),
    ('TS000185', '2025-07-04 12:00:00', '2025-07-04 13:10:00', 'C0000014'),
    ('TS000186', '2025-07-04 14:00:00', '2025-07-04 17:45:00', 'C0000016'),
    ('TS000187', '2025-07-04 12:00:00', '2025-07-04 14:15:00', 'C0000018'),
    ('TS000188', '2025-07-05 08:00:00', '2025-07-05 10:05:00', 'C0000020'),
    ('TS000189', '2025-07-03 11:00:00', '2025-07-03 15:05:00', 'C0000011'),
    ('TS000190', '2025-07-06 08:00:00', '2025-07-06 09:28:00', 'C0000013'),
    ('TS000191', '2025-07-05 08:00:00', '2025-07-05 10:33:00', 'C0000016'),
    ('TS000192', '2025-07-03 09:00:00', '2025-07-03 11:33:00', 'C0000014'),
    ('TS000193', '2025-07-03 16:00:00', '2025-07-03 18:13:00', 'C0000014'),
    ('TS000194', '2025-07-03 11:50:00', '2025-07-03 14:13:00', 'C0000018');

INSERT INTO available_time(at_id, at_date, at_start_time, at_end_time, pt_id, c_id) VALUES
    ('AT000001', '2025-07-03', '09:00:00', '10:00:00', 'PT000001', 'C0000003'),
    ('AT000002', '2025-07-03', '10:00:00', '11:00:00', 'PT000001', 'C0000003'),
    ('AT000003', '2025-07-03', '14:00:00', '15:00:00', 'PT000001', NULL),
    ('AT000004', '2025-07-03', '15:00:00', '16:00:00', 'PT000001', NULL),
    ('AT000005', '2025-07-03', '18:00:00', '19:00:00', 'PT000001', 'C0000002'),
    ('AT000006', '2025-07-03', '19:00:00', '20:00:00', 'PT000001', 'C0000002'),
    ('AT000007', '2025-07-04', '09:00:00', '10:00:00', 'PT000001', NULL),
    ('AT000008', '2025-07-04', '10:00:00', '11:00:00', 'PT000001', NULL),
    ('AT000009', '2025-07-04', '11:00:00', '12:00:00', 'PT000001', NULL),
    ('AT000010', '2025-07-04', '12:00:00', '13:00:00', 'PT000001', NULL),
    ('AT000011', '2025-07-04', '15:00:00', '16:00:00', 'PT000001', NULL),
    ('AT000012', '2025-07-04', '16:00:00', '17:00:00', 'PT000001', NULL),
    ('AT000013', '2025-07-04', '17:00:00', '18:00:00', 'PT000001', NULL),
    ('AT000014', '2025-07-04', '18:00:00', '19:00:00', 'PT000001', NULL),
    ('AT000015', '2025-07-05', '08:00:00', '09:00:00', 'PT000001', NULL),
    ('AT000016', '2025-07-05', '09:00:00', '10:00:00', 'PT000001', NULL),
    ('AT000017', '2025-07-05', '10:00:00', '11:00:00', 'PT000001', NULL),
    ('AT000018', '2025-07-05', '11:00:00', '12:00:00', 'PT000001', NULL),
    ('AT000019', '2025-07-06', '08:00:00', '09:00:00', 'PT000001', NULL),
    ('AT000020', '2025-07-06', '09:00:00', '10:00:00', 'PT000001', NULL),
    ('AT000021', '2025-07-06', '10:00:00', '11:00:00', 'PT000001', NULL),
    ('AT000022', '2025-07-06', '11:00:00', '12:00:00', 'PT000001', NULL),
    ('AT000023', '2025-07-06', '12:00:00', '13:00:00', 'PT000001', NULL),
    ('AT000024', '2025-07-06', '13:00:00', '14:00:00', 'PT000001', NULL),
    ('AT000025', '2025-07-06', '14:00:00', '15:00:00', 'PT000001', NULL),
    ('AT000026', '2025-07-06', '15:00:00', '16:00:00', 'PT000001', NULL),
    ('AT000027', '2025-07-06', '16:00:00', '17:00:00', 'PT000001', NULL),

    ('AT000028', '2025-07-03', '08:00:00', '09:00:00', 'PT000002', 'C0000004'),
    ('AT000029', '2025-07-03', '09:00:00', '10:00:00', 'PT000002', 'C0000004'),
    ('AT000030', '2025-07-03', '14:00:00', '15:00:00', 'PT000002', NULL),
    ('AT000031', '2025-07-03', '15:00:00', '16:00:00', 'PT000002', NULL),
    ('AT000032', '2025-07-03', '16:00:00', '17:00:00', 'PT000002', 'C0000005'),
    ('AT000033', '2025-07-03', '17:00:00', '18:00:00', 'PT000002', 'C0000005'),
    ('AT000034', '2025-07-04', '10:00:00', '11:00:00', 'PT000002', NULL),
    ('AT000035', '2025-07-04', '11:00:00', '12:00:00', 'PT000002', NULL),
    ('AT000036', '2025-07-04', '15:00:00', '16:00:00', 'PT000002', 'C0000002'),
    ('AT000037', '2025-07-04', '16:00:00', '17:00:00', 'PT000002', 'C0000002'),
    ('AT000038', '2025-07-04', '19:00:00', '20:00:00', 'PT000002', 'C0000003'),
    ('AT000039', '2025-07-05', '09:00:00', '10:00:00', 'PT000002', NULL),
    ('AT000040', '2025-07-05', '10:00:00', '11:00:00', 'PT000002', 'C0000003'),
    ('AT000041', '2025-07-05', '11:00:00', '12:00:00', 'PT000002', NULL),
    ('AT000042', '2025-07-05', '12:00:00', '13:00:00', 'PT000002', NULL),
    ('AT000043', '2025-07-05', '13:00:00', '14:00:00', 'PT000002', 'C0000006'),
    ('AT000044', '2025-07-05', '14:00:00', '15:00:00', 'PT000002', 'C0000006'),
    ('AT000045', '2025-07-05', '15:00:00', '16:00:00', 'PT000002', NULL),
    ('AT000046', '2025-07-05', '16:00:00', '17:00:00', 'PT000002', 'C0000002'),
    ('AT000047', '2025-07-05', '17:00:00', '18:00:00', 'PT000002', 'C0000002'),
    ('AT000048', '2025-07-06', '08:00:00', '09:00:00', 'PT000002', NULL),
    ('AT000049', '2025-07-06', '09:00:00', '10:00:00', 'PT000002', NULL),
    ('AT000050', '2025-07-06', '10:00:00', '11:00:00', 'PT000002', NULL),
    ('AT000051', '2025-07-06', '11:00:00', '12:00:00', 'PT000002', NULL),
    ('AT000052', '2025-07-06', '12:00:00', '13:00:00', 'PT000002', NULL),

    ('AT000053', '2025-07-03', '08:00:00', '09:00:00', 'PT000003', 'C0000007'),
    ('AT000054', '2025-07-03', '09:00:00', '10:00:00', 'PT000003', 'C0000007'),
    ('AT000055', '2025-07-03', '10:00:00', '11:00:00', 'PT000003', NULL),
    ('AT000056', '2025-07-03', '11:00:00', '12:00:00', 'PT000003', NULL),
    ('AT000057', '2025-07-04', '08:00:00', '09:00:00', 'PT000003', 'C0000008'),
    ('AT000058', '2025-07-04', '09:00:00', '10:00:00', 'PT000003', NULL),
    ('AT000059', '2025-07-04', '14:00:00', '15:00:00', 'PT000003', 'C0000009'),
    ('AT000060', '2025-07-04', '15:00:00', '16:00:00', 'PT000003', NULL),
    ('AT000061', '2025-07-04', '16:00:00', '17:00:00', 'PT000003', 'C0000004'),
    ('AT000062', '2025-07-04', '17:00:00', '18:00:00', 'PT000003', NULL),
    ('AT000063', '2025-07-05', '10:00:00', '11:00:00', 'PT000003', 'C0000010'),
    ('AT000064', '2025-07-05', '11:00:00', '12:00:00', 'PT000003', NULL),
    ('AT000065', '2025-07-05', '14:00:00', '15:00:00', 'PT000003', 'C0000008'),
    ('AT000066', '2025-07-05', '15:00:00', '16:00:00', 'PT000003', 'C0000008'),
    ('AT000067', '2025-07-05', '18:00:00', '19:00:00', 'PT000003', NULL),
    ('AT000068', '2025-07-05', '19:00:00', '20:00:00', 'PT000003', 'C0000009'),
    ('AT000069', '2025-07-06', '09:00:00', '10:00:00', 'PT000003', 'C0000010'),
    ('AT000070', '2025-07-06', '10:00:00', '11:00:00', 'PT000003', NULL),
    ('AT000071', '2025-07-06', '11:00:00', '12:00:00', 'PT000003', NULL),
    ('AT000072', '2025-07-06', '12:00:00', '13:00:00', 'PT000003', NULL),
    ('AT000073', '2025-07-06', '13:00:00', '14:00:00', 'PT000003', 'C0000006'),
    ('AT000074', '2025-07-06', '14:00:00', '15:00:00', 'PT000003', 'C0000006'),
    ('AT000075', '2025-07-06', '15:00:00', '16:00:00', 'PT000003', NULL),
    ('AT000076', '2025-07-06', '16:00:00', '17:00:00', 'PT000003', 'C0000005'),

    ('AT000077', '2025-07-03', '09:00:00', '10:00:00', 'PT000004', NULL),
    ('AT000078', '2025-07-03', '10:00:00', '11:00:00', 'PT000004', 'C0000006'),
    ('AT000079', '2025-07-03', '11:00:00', '12:00:00', 'PT000004', 'C0000006'),
    ('AT000080', '2025-07-03', '12:00:00', '13:00:00', 'PT000004', NULL),
    ('AT000081', '2025-07-03', '13:00:00', '14:00:00', 'PT000004', NULL),
    ('AT000082', '2025-07-04', '08:00:00', '09:00:00', 'PT000004', 'C0000007'),
    ('AT000083', '2025-07-04', '09:00:00', '10:00:00', 'PT000004', NULL),
    ('AT000084', '2025-07-04', '10:00:00', '11:00:00', 'PT000004', NULL),
    ('AT000085', '2025-07-04', '11:00:00', '12:00:00', 'PT000004', NULL),
    ('AT000086', '2025-07-04', '12:00:00', '13:00:00', 'PT000004', NULL),
    ('AT000087', '2025-07-04', '13:00:00', '14:00:00', 'PT000004', NULL),
    ('AT000088', '2025-07-04', '14:00:00', '15:00:00', 'PT000004', NULL),
    ('AT000089', '2025-07-04', '15:00:00', '16:00:00', 'PT000004', NULL),
    ('AT000090', '2025-07-04', '16:00:00', '17:00:00', 'PT000004', NULL),
    ('AT000091', '2025-07-06', '08:00:00', '09:00:00', 'PT000004', NULL),
    ('AT000092', '2025-07-06', '11:00:00', '12:00:00', 'PT000004', 'C0000002'),
    ('AT000093', '2025-07-06', '12:00:00', '13:00:00', 'PT000004', 'C0000002'),
    ('AT000094', '2025-07-06', '15:00:00', '16:00:00', 'PT000004', NULL),
    ('AT000095', '2025-07-06', '16:00:00', '17:00:00', 'PT000004', 'C0000003'),
    ('AT000096', '2025-07-07', '08:00:00', '09:00:00', 'PT000004', NULL),
    ('AT000097', '2025-07-07', '09:00:00', '10:00:00', 'PT000004', 'C0000002'),
    ('AT000098', '2025-07-07', '10:00:00', '11:00:00', 'PT000004', 'C0000002'),
    ('AT000099', '2025-07-07', '11:00:00', '12:00:00', 'PT000004', NULL),

    ('AT000100', '2025-07-03', '10:00:00', '11:00:00', 'PT000005', NULL),
    ('AT000101', '2025-07-03', '11:00:00', '12:00:00', 'PT000005', 'C0000005'),
    ('AT000102', '2025-07-03', '12:00:00', '13:00:00', 'PT000005', 'C0000005'),
    ('AT000103', '2025-07-03', '13:00:00', '14:00:00', 'PT000005', NULL),
    ('AT000104', '2025-07-03', '14:00:00', '15:00:00', 'PT000005', NULL),
    ('AT000105', '2025-07-04', '09:00:00', '10:00:00', 'PT000005', NULL),
    ('AT000106', '2025-07-04', '10:00:00', '11:00:00', 'PT000005', NULL),
    ('AT000107', '2025-07-04', '11:00:00', '12:00:00', 'PT000005', NULL),
    ('AT000108', '2025-07-04', '12:00:00', '13:00:00', 'PT000005', NULL),
    ('AT000109', '2025-07-04', '13:00:00', '14:00:00', 'PT000005', NULL),
    ('AT000110', '2025-07-05', '08:00:00', '09:00:00', 'PT000005', NULL),
    ('AT000111', '2025-07-05', '09:00:00', '10:00:00', 'PT000005', 'C0000004'),
    ('AT000112', '2025-07-05', '12:00:00', '13:00:00', 'PT000005', 'C0000004'),
    ('AT000113', '2025-07-05', '13:00:00', '14:00:00', 'PT000005', NULL),
    ('AT000114', '2025-07-05', '16:00:00', '17:00:00', 'PT000005', NULL),
    ('AT000115', '2025-07-05', '17:00:00', '18:00:00', 'PT000005', NULL),
    ('AT000116', '2025-07-05', '19:00:00', '20:00:00', 'PT000005', NULL),
    ('AT000117', '2025-07-06', '08:00:00', '09:00:00', 'PT000005', NULL),
    ('AT000118', '2025-07-06', '09:00:00', '10:00:00', 'PT000005', NULL),
    ('AT000119', '2025-07-06', '10:00:00', '11:00:00', 'PT000005', NULL),
    ('AT000120', '2025-07-06', '11:00:00', '12:00:00', 'PT000005', NULL),
    ('AT000121', '2025-07-06', '12:00:00', '13:00:00', 'PT000005', NULL),
    ('AT000122', '2025-07-06', '13:00:00', '14:00:00', 'PT000005', NULL),
    ('AT000123', '2025-07-06', '14:00:00', '15:00:00', 'PT000005', 'C0000009'),
    ('AT000124', '2025-07-06', '15:00:00', '16:00:00', 'PT000005', 'C0000009'),

    ('AT000125', '2025-07-04', '12:00:00', '13:00:00', 'PT000006', NULL),
    ('AT000126', '2025-07-04', '13:00:00', '14:00:00', 'PT000006', NULL),
    ('AT000127', '2025-07-04', '14:00:00', '15:00:00', 'PT000006', NULL),
    ('AT000128', '2025-07-04', '17:00:00', '18:00:00', 'PT000006', NULL),
    ('AT000129', '2025-07-04', '18:00:00', '19:00:00', 'PT000006', NULL),
    ('AT000130', '2025-07-04', '19:00:00', '20:00:00', 'PT000006', NULL),
    ('AT000131', '2025-07-05', '09:00:00', '10:00:00', 'PT000006', NULL),
    ('AT000132', '2025-07-05', '10:00:00', '11:00:00', 'PT000006', 'C0000007'),
    ('AT000133', '2025-07-05', '11:00:00', '12:00:00', 'PT000006', NULL),
    ('AT000134', '2025-07-05', '12:00:00', '13:00:00', 'PT000006', NULL),
    ('AT000135', '2025-07-05', '13:00:00', '14:00:00', 'PT000006', NULL),
    ('AT000136', '2025-07-05', '14:00:00', '15:00:00', 'PT000006', NULL),
    ('AT000137', '2025-07-05', '15:00:00', '16:00:00', 'PT000006', NULL),
    ('AT000138', '2025-07-05', '16:00:00', '17:00:00', 'PT000006', NULL),
    ('AT000139', '2025-07-05', '17:00:00', '18:00:00', 'PT000006', NULL),
    ('AT000140', '2025-07-06', '08:00:00', '09:00:00', 'PT000006', NULL),
    ('AT000141', '2025-07-06', '09:00:00', '10:00:00', 'PT000006', 'C0000008'),
    ('AT000142', '2025-07-06', '10:00:00', '11:00:00', 'PT000006', 'C0000008'),
    ('AT000143', '2025-07-06', '11:00:00', '12:00:00', 'PT000006', NULL),
    ('AT000144', '2025-07-06', '12:00:00', '13:00:00', 'PT000006', NULL),

    ('AT000145', '2025-07-03', '08:00:00', '09:00:00', 'PT000007', 'C0000010'),
    ('AT000146', '2025-07-03', '09:00:00', '10:00:00', 'PT000007', NULL),
    ('AT000147', '2025-07-03', '10:00:00', '11:00:00', 'PT000007', NULL),
    ('AT000148', '2025-07-03', '11:00:00', '12:00:00', 'PT000007', NULL),
    ('AT000149', '2025-07-04', '08:00:00', '09:00:00', 'PT000007', NULL),
    ('AT000150', '2025-07-04', '10:00:00', '11:00:00', 'PT000007', NULL),

    ('AT000151', '2025-07-04', '11:00:00', '12:00:00', 'PT000007', 'C0000011'),
    ('AT000152', '2025-07-04', '12:00:00', '13:00:00', 'PT000007', 'C0000011'),
    ('AT000153', '2025-07-04', '15:00:00', '16:00:00', 'PT000007', 'C0000013'),
    ('AT000154', '2025-07-04', '16:00:00', '17:00:00', 'PT000007', NULL),
    ('AT000155', '2025-07-04', '19:00:00', '20:00:00', 'PT000007', 'C0000014'),
    ('AT000156', '2025-07-05', '09:00:00', '10:00:00', 'PT000007', 'C0000011'),
    ('AT000157', '2025-07-05', '10:00:00', '11:00:00', 'PT000007', 'C0000015'),
    ('AT000158', '2025-07-05', '11:00:00', '12:00:00', 'PT000007', 'C0000015'),
    ('AT000159', '2025-07-05', '12:00:00', '13:00:00', 'PT000007', NULL),
    ('AT000160', '2025-07-05', '13:00:00', '14:00:00', 'PT000007', 'C0000016'),
    ('AT000161', '2025-07-05', '14:00:00', '15:00:00', 'PT000007', 'C0000016'),
    ('AT000162', '2025-07-05', '15:00:00', '16:00:00', 'PT000007', NULL),
    ('AT000163', '2025-07-05', '16:00:00', '17:00:00', 'PT000007', 'C0000018'),
    ('AT000164', '2025-07-05', '17:00:00', '18:00:00', 'PT000007', 'C0000018'),
    ('AT000165', '2025-07-06', '08:00:00', '09:00:00', 'PT000007', 'C0000011'),
    ('AT000166', '2025-07-06', '09:00:00', '10:00:00', 'PT000007', 'C0000011'),
    ('AT000167', '2025-07-06', '10:00:00', '11:00:00', 'PT000007', 'C0000011'),
    ('AT000168', '2025-07-06', '11:00:00', '12:00:00', 'PT000007', NULL),
    ('AT000169', '2025-07-06', '12:00:00', '13:00:00', 'PT000007', 'C0000014'),
    ('AT000170', '2025-07-06', '13:00:00', '14:00:00', 'PT000007', 'C0000014'),
    ('AT000171', '2025-07-06', '14:00:00', '15:00:00', 'PT000007', NULL),
    ('AT000172', '2025-07-06', '15:00:00', '16:00:00', 'PT000007', 'C0000015'),
    ('AT000173', '2025-07-06', '16:00:00', '17:00:00', 'PT000007', 'C0000015'),

    ('AT000174', '2025-07-03', '08:00:00', '09:00:00', 'PT000008', 'C0000011'),
    ('AT000175', '2025-07-03', '09:00:00', '10:00:00', 'PT000008', 'C0000011'),
    ('AT000176', '2025-07-03', '10:00:00', '11:00:00', 'PT000008', NULL),
    ('AT000177', '2025-07-03', '11:00:00', '12:00:00', 'PT000008', NULL),
    ('AT000178', '2025-07-03', '12:00:00', '13:00:00', 'PT000008', NULL),
    ('AT000179', '2025-07-04', '10:00:00', '11:00:00', 'PT000008', NULL),
    ('AT000180', '2025-07-04', '11:00:00', '12:00:00', 'PT000008', NULL),
    ('AT000181', '2025-07-04', '12:00:00', '13:00:00', 'PT000008', NULL),
    ('AT000182', '2025-07-04', '13:00:00', '14:00:00', 'PT000008', NULL),
    ('AT000183', '2025-07-04', '14:00:00', '15:00:00', 'PT000008', NULL),
    ('AT000184', '2025-07-04', '15:00:00', '16:00:00', 'PT000008', NULL),
    ('AT000185', '2025-07-04', '16:00:00', '17:00:00', 'PT000008', NULL),
    ('AT000186', '2025-07-04', '17:00:00', '18:00:00', 'PT000008', NULL),
    ('AT000187', '2025-07-04', '18:00:00', '19:00:00', 'PT000008', NULL),
    ('AT000188', '2025-07-06', '10:00:00', '11:00:00', 'PT000008', 'C0000016'),
    ('AT000189', '2025-07-06', '11:00:00', '12:00:00', 'PT000008', 'C0000016'),
    ('AT000190', '2025-07-06', '14:00:00', '15:00:00', 'PT000008', NULL),
    ('AT000191', '2025-07-06', '15:00:00', '16:00:00', 'PT000008', NULL),
    ('AT000192', '2025-07-07', '09:00:00', '10:00:00', 'PT000008', NULL),
    ('AT000193', '2025-07-07', '10:00:00', '11:00:00', 'PT000008', NULL),
    ('AT000194', '2025-07-07', '11:00:00', '12:00:00', 'PT000008', 'C0000020'),
    ('AT000195', '2025-07-07', '12:00:00', '13:00:00', 'PT000008', NULL),
    ('AT000196', '2025-07-07', '13:00:00', '14:00:00', 'PT000008', NULL),

    ('AT000197', '2025-07-03', '10:00:00', '11:00:00', 'PT000009', 'C0000020'),
    ('AT000198', '2025-07-03', '11:00:00', '12:00:00', 'PT000009', 'C0000020'),
    ('AT000199', '2025-07-03', '14:00:00', '15:00:00', 'PT000009', 'C0000020'),
    ('AT000200', '2025-07-03', '15:00:00', '16:00:00', 'PT000009', 'C0000020'),
    ('AT000201', '2025-07-04', '08:00:00', '09:00:00', 'PT000009', 'C0000016'),
    ('AT000202', '2025-07-04', '09:00:00', '10:00:00', 'PT000009', NULL),
    ('AT000203', '2025-07-04', '10:00:00', '11:00:00', 'PT000009', NULL),
    ('AT000204', '2025-07-04', '11:00:00', '12:00:00', 'PT000009', NULL),
    ('AT000205', '2025-07-05', '09:00:00', '10:00:00', 'PT000009', NULL),
    ('AT000206', '2025-07-05', '10:00:00', '11:00:00', 'PT000009', NULL),
    ('AT000207', '2025-07-05', '13:00:00', '14:00:00', 'PT000009', NULL),
    ('AT000208', '2025-07-05', '14:00:00', '15:00:00', 'PT000009', NULL),
    ('AT000209', '2025-07-05', '17:00:00', '18:00:00', 'PT000009', NULL),
    ('AT000210', '2025-07-05', '18:00:00', '19:00:00', 'PT000009', NULL),
    ('AT000211', '2025-07-06', '08:00:00', '09:00:00', 'PT000009', NULL),
    ('AT000212', '2025-07-06', '09:00:00', '10:00:00', 'PT000009', NULL),
    ('AT000213', '2025-07-06', '10:00:00', '11:00:00', 'PT000009', NULL),
    ('AT000214', '2025-07-06', '11:00:00', '12:00:00', 'PT000009', NULL),
    ('AT000215', '2025-07-06', '12:00:00', '13:00:00', 'PT000009', NULL),
    ('AT000216', '2025-07-06', '13:00:00', '14:00:00', 'PT000009', NULL),
    ('AT000217', '2025-07-06', '14:00:00', '15:00:00', 'PT000009', NULL),
    ('AT000218', '2025-07-06', '15:00:00', '16:00:00', 'PT000009', NULL),
    ('AT000219', '2025-07-06', '16:00:00', '17:00:00', 'PT000009', NULL),

    ('AT000220', '2025-07-03', '08:00:00', '09:00:00', 'PT000010', 'C0000019'),
    ('AT000221', '2025-07-03', '09:00:00', '10:00:00', 'PT000010', 'C0000019'),
    ('AT000222', '2025-07-03', '10:00:00', '11:00:00', 'PT000010', NULL),
    ('AT000223', '2025-07-03', '11:00:00', '12:00:00', 'PT000010', NULL),
    ('AT000224', '2025-07-04', '08:00:00', '09:00:00', 'PT000010', NULL),
    ('AT000225', '2025-07-04', '09:00:00', '10:00:00', 'PT000010', NULL),
    ('AT000226', '2025-07-04', '12:00:00', '13:00:00', 'PT000010', NULL),
    ('AT000227', '2025-07-04', '13:00:00', '14:00:00', 'PT000010', NULL),
    ('AT000228', '2025-07-04', '16:00:00', '17:00:00', 'PT000010', NULL),
    ('AT000229', '2025-07-04', '17:00:00', '18:00:00', 'PT000010', NULL),
    ('AT000230', '2025-07-05', '10:00:00', '11:00:00', 'PT000010', NULL),
    ('AT000231', '2025-07-05', '11:00:00', '12:00:00', 'PT000010', NULL),
    ('AT000232', '2025-07-05', '14:00:00', '15:00:00', 'PT000010', NULL),
    ('AT000233', '2025-07-05', '15:00:00', '16:00:00', 'PT000010', NULL),
    ('AT000234', '2025-07-05', '18:00:00', '19:00:00', 'PT000010', 'C0000019'),
    ('AT000235', '2025-07-05', '19:00:00', '20:00:00', 'PT000010', 'C0000019'),
    ('AT000236', '2025-07-06', '09:00:00', '10:00:00', 'PT000010', NULL),
    ('AT000237', '2025-07-06', '10:00:00', '11:00:00', 'PT000010', NULL),
    ('AT000238', '2025-07-06', '11:00:00', '12:00:00', 'PT000010', NULL),
    ('AT000239', '2025-07-06', '12:00:00', '13:00:00', 'PT000010', NULL),
    ('AT000240', '2025-07-06', '13:00:00', '14:00:00', 'PT000010', NULL),
    ('AT000241', '2025-07-06', '14:00:00', '15:00:00', 'PT000010', NULL),
    ('AT000242', '2025-07-06', '15:00:00', '16:00:00', 'PT000010', NULL),
    ('AT000243', '2025-07-06', '16:00:00', '17:00:00', 'PT000010', NULL),

    ('AT000244', '2025-07-03', '08:00:00', '09:00:00', 'PT000011', 'C0000019'),
    ('AT000245', '2025-07-03', '13:00:00', '14:00:00', 'PT000011', 'C0000019'),
    ('AT000246', '2025-07-03', '14:00:00', '15:00:00', 'PT000011', NULL),
    ('AT000247', '2025-07-04', '09:00:00', '10:00:00', 'PT000011', NULL),
    ('AT000248', '2025-07-04', '10:00:00', '11:00:00', 'PT000011', NULL),
    ('AT000249', '2025-07-04', '11:00:00', '12:00:00', 'PT000011', NULL),
    ('AT000250', '2025-07-05', '08:00:00', '09:00:00', 'PT000011', NULL),
    ('AT000251', '2025-07-06', '08:00:00', '09:00:00', 'PT000011', NULL),
    ('AT000252', '2025-07-06', '09:00:00', '10:00:00', 'PT000011', NULL),
    ('AT000253', '2025-07-06', '10:00:00', '11:00:00', 'PT000011', 'C0000013'),

    ('AT000254', '2025-07-03', '08:00:00', '09:00:00', 'PT000012', NULL),
    ('AT000255', '2025-07-03', '09:00:00', '10:00:00', 'PT000012', NULL),
    ('AT000256', '2025-07-03', '15:00:00', '16:00:00', 'PT000012', NULL),
    ('AT000257', '2025-07-03', '16:00:00', '17:00:00', 'PT000012', NULL),
    ('AT000258', '2025-07-04', '08:00:00', '09:00:00', 'PT000012', NULL),
    ('AT000259', '2025-07-04', '11:00:00', '12:00:00', 'PT000012', NULL),
    ('AT000260', '2025-07-04', '12:00:00', '13:00:00', 'PT000012', 'C0000014'),
    ('AT000261', '2025-07-05', '10:00:00', '11:00:00', 'PT000012', NULL),
    ('AT000262', '2025-07-05', '11:00:00', '12:00:00', 'PT000012', NULL),
    ('AT000263', '2025-07-05', '12:00:00', '13:00:00', 'PT000012', NULL),
    ('AT000264', '2025-07-06', '09:00:00', '10:00:00', 'PT000012', NULL),
    ('AT000265', '2025-07-06', '10:00:00', '11:00:00', 'PT000012', NULL),

    ('AT000266', '2025-07-03', '10:00:00', '11:00:00', 'PT000013', NULL),
    ('AT000267', '2025-07-03', '11:00:00', '12:00:00', 'PT000013', NULL),
    ('AT000268', '2025-07-04', '08:00:00', '09:00:00', 'PT000013', NULL),
    ('AT000269', '2025-07-04', '09:00:00', '10:00:00', 'PT000013', NULL),
    ('AT000270', '2025-07-04', '14:00:00', '15:00:00', 'PT000013', 'C0000016'),
    ('AT000271', '2025-07-04', '15:00:00', '16:00:00', 'PT000013', 'C0000016'),
    ('AT000272', '2025-07-05', '09:00:00', '10:00:00', 'PT000013', NULL),
    ('AT000273', '2025-07-05', '10:00:00', '11:00:00', 'PT000013', NULL),
    ('AT000274', '2025-07-05', '11:00:00', '12:00:00', 'PT000013', NULL),
    ('AT000275', '2025-07-06', '08:00:00', '09:00:00', 'PT000013', NULL),

    ('AT000276', '2025-07-03', '09:00:00', '10:00:00', 'PT000014', NULL),
    ('AT000277', '2025-07-03', '10:00:00', '11:00:00', 'PT000014', NULL),
    ('AT000278', '2025-07-03', '11:00:00', '12:00:00', 'PT000014', NULL),
    ('AT000279', '2025-07-04', '12:00:00', '13:00:00', 'PT000014', 'C0000018'),
    ('AT000280', '2025-07-04', '13:00:00', '14:00:00', 'PT000014', 'C0000018'),
    ('AT000281', '2025-07-05', '08:00:00', '09:00:00', 'PT000014', 'C0000020'),
    ('AT000282', '2025-07-05', '09:00:00', '10:00:00', 'PT000014', 'C0000020'),
    ('AT000283', '2025-07-06', '10:00:00', '11:00:00', 'PT000014', NULL),
    ('AT000284', '2025-07-06', '11:00:00', '12:00:00', 'PT000014', NULL),

    ('AT000285', '2025-07-03', '11:00:00', '12:00:00', 'PT000015', 'C0000011'),
    ('AT000286', '2025-07-03', '12:00:00', '13:00:00', 'PT000015', 'C0000011'),
    ('AT000287', '2025-07-03', '13:00:00', '14:00:00', 'PT000015', 'C0000011'),
    ('AT000288', '2025-07-03', '14:00:00', '15:00:00', 'PT000015', 'C0000011'),
    ('AT000289', '2025-07-04', '08:00:00', '09:00:00', 'PT000015', NULL),
    ('AT000290', '2025-07-04', '09:00:00', '10:00:00', 'PT000015', NULL),
    ('AT000291', '2025-07-04', '15:00:00', '16:00:00', 'PT000015', NULL),
    ('AT000292', '2025-07-04', '16:00:00', '17:00:00', 'PT000015', NULL),
    ('AT000293', '2025-07-06', '08:00:00', '09:00:00', 'PT000015', 'C0000013'),
    ('AT000294', '2025-07-06', '09:00:00', '10:00:00', 'PT000015', 'C0000013'),

    ('AT000295', '2025-07-03', '10:00:00', '11:00:00', 'PT000016', NULL),
    ('AT000296', '2025-07-03', '11:00:00', '12:00:00', 'PT000016', NULL),
    ('AT000297', '2025-07-04', '09:00:00', '10:00:00', 'PT000016', NULL),
    ('AT000298', '2025-07-04', '10:00:00', '11:00:00', 'PT000016', NULL),
    ('AT000299', '2025-07-04', '14:00:00', '15:00:00', 'PT000016', NULL),
    ('AT000300', '2025-07-04', '15:00:00', '16:00:00', 'PT000016', NULL),
    ('AT000301', '2025-07-05', '08:00:00', '09:00:00', 'PT000016', 'C0000016'),
    ('AT000302', '2025-07-05', '09:00:00', '10:00:00', 'PT000016', 'C0000016'),
    ('AT000303', '2025-07-05', '16:00:00', '17:00:00', 'PT000016', 'C0000016'),
    ('AT000304', '2025-07-06', '08:00:00', '09:00:00', 'PT000016', NULL),

    ('AT000305', '2025-07-03', '08:00:00', '09:00:00', 'PT000017', NULL),
    ('AT000306', '2025-07-03', '12:00:00', '13:00:00', 'PT000017', NULL),
    ('AT000307', '2025-07-03', '13:00:00', '14:00:00', 'PT000017', NULL),
    ('AT000308', '2025-07-04', '08:00:00', '09:00:00', 'PT000017', NULL),
    ('AT000309', '2025-07-04', '09:00:00', '10:00:00', 'PT000017', NULL),
    ('AT000310', '2025-07-04', '15:00:00', '16:00:00', 'PT000017', NULL),
    ('AT000311', '2025-07-04', '16:00:00', '17:00:00', 'PT000017', NULL),
    ('AT000312', '2025-07-05', '09:00:00', '10:00:00', 'PT000017', NULL),
    ('AT000313', '2025-07-05', '10:00:00', '11:00:00', 'PT000017', NULL),
    ('AT000314', '2025-07-05', '11:00:00', '12:00:00', 'PT000017', NULL),
    ('AT000315', '2025-07-06', '08:00:00', '09:00:00', 'PT000017', 'C0000015'),

    ('AT000316', '2025-07-03', '09:00:00', '10:00:00', 'PT000018', 'C0000014'),
    ('AT000317', '2025-07-03', '10:00:00', '11:00:00', 'PT000018', 'C0000014'),
    ('AT000318', '2025-07-03', '16:00:00', '17:00:00', 'PT000018', 'C0000014'),
    ('AT000319', '2025-07-03', '17:00:00', '18:00:00', 'PT000018', 'C0000014'),
    ('AT000320', '2025-07-04', '08:00:00', '09:00:00', 'PT000018', NULL),
    ('AT000321', '2025-07-04', '13:00:00', '14:00:00', 'PT000018', NULL),
    ('AT000322', '2025-07-04', '14:00:00', '15:00:00', 'PT000018', NULL),
    ('AT000323', '2025-07-05', '11:00:00', '12:00:00', 'PT000018', NULL),
    ('AT000324', '2025-07-05', '12:00:00', '13:00:00', 'PT000018', NULL),
    ('AT000325', '2025-07-06', '08:00:00', '09:00:00', 'PT000018', NULL),
    ('AT000326', '2025-07-06', '09:00:00', '10:00:00', 'PT000018', NULL),
    ('AT000327', '2025-07-06', '10:00:00', '11:00:00', 'PT000018', NULL),

    ('AT000328', '2025-07-03', '10:00:00', '11:00:00', 'PT000019', NULL),
    ('AT000329', '2025-07-03', '11:00:00', '12:00:00', 'PT000019', NULL),
    ('AT000330', '2025-07-03', '18:00:00', '19:00:00', 'PT000019', NULL),
    ('AT000331', '2025-07-04', '09:00:00', '10:00:00', 'PT000019', NULL),
    ('AT000332', '2025-07-04', '10:00:00', '11:00:00', 'PT000019', NULL),
    ('AT000333', '2025-07-04', '15:00:00', '16:00:00', 'PT000019', NULL),
    ('AT000334', '2025-07-04', '16:00:00', '17:00:00', 'PT000019', 'C0000013'),
    ('AT000335', '2025-07-05', '08:00:00', '09:00:00', 'PT000019', NULL),
    ('AT000336', '2025-07-05', '14:00:00', '15:00:00', 'PT000019', NULL),
    ('AT000337', '2025-07-06', '09:00:00', '10:00:00', 'PT000019', NULL),
    ('AT000338', '2025-07-06', '10:00:00', '11:00:00', 'PT000019', NULL),
    ('AT000339', '2025-07-06', '11:00:00', '12:00:00', 'PT000019', NULL),

    ('AT000340', '2025-07-03', '12:00:00', '13:00:00', 'PT000020', 'C0000018'),
    ('AT000341', '2025-07-03', '13:00:00', '14:00:00', 'PT000020', 'C0000018'),
    ('AT000342', '2025-07-04', '08:00:00', '09:00:00', 'PT000020', NULL),
    ('AT000343', '2025-07-04', '09:00:00', '10:00:00', 'PT000020', NULL),
    ('AT000344', '2025-07-04', '17:00:00', '18:00:00', 'PT000020', NULL),
    ('AT000345', '2025-07-05', '08:00:00', '09:00:00', 'PT000020', NULL),
    ('AT000346', '2025-07-05', '14:00:00', '15:00:00', 'PT000020', NULL),
    ('AT000347', '2025-07-05', '15:00:00', '16:00:00', 'PT000020', NULL),
    ('AT000348', '2025-07-06', '09:00:00', '10:00:00', 'PT000020', NULL),
    ('AT000349', '2025-07-06', '10:00:00', '11:00:00', 'PT000020', NULL);

INSERT INTO receipt (r_id, r_date, r_final_price, c_id) VALUES
    ('R0000001', '2025-06-09', 0, 'C0000005'),
    ('R0000002', '2025-06-11', 0, 'C0000012'),
    ('R0000003', '2025-06-13', 0, 'C0000003'),
    ('R0000004', '2025-06-10', 0, 'C0000018'),
    ('R0000005', '2025-06-15', 0, 'C0000005'),
    ('R0000006', '2025-06-17', 0, 'C0000011'),
    ('R0000007', '2025-06-12', 0, 'C0000020'),
    ('R0000008', '2025-06-14', 0, 'C0000002'),
    ('R0000009', '2025-06-09', 0, 'C0000008'),
    ('R0000010', '2025-06-16', 0, 'C0000015'),
    ('R0000011', '2025-06-11', 0, 'C0000012'),
    ('R0000012', '2025-06-13', 0, 'C0000007'),
    ('R0000013', '2025-06-10', 0, 'C0000019'),
    ('R0000014', '2025-06-15', 0, 'C0000001'),
    ('R0000015', '2025-06-12', 0, 'C0000010'),
    ('R0000016', '2025-06-17', 0, 'C0000003'),
    ('R0000017', '2025-06-14', 0, 'C0000014'),
    ('R0000018', '2025-06-09', 0, 'C0000009'),
    ('R0000019', '2025-06-16', 0, 'C0000017'),
    ('R0000020', '2025-06-10', 0, 'C0000006'),
    ('R0000021', '2025-06-13', 0, 'C0000013'),
    ('R0000022', '2025-06-11', 0, 'C0000004'),
    ('R0000023', '2025-06-15', 0, 'C0000016'),
    ('R0000024', '2025-06-12', 0, 'C0000008'),
    ('R0000025', '2025-06-17', 0, 'C0000011'),
    ('R0000026', '2025-06-14', 0, 'C0000002'),
    ('R0000027', '2025-06-09', 0, 'C0000020'),
    ('R0000028', '2025-06-16', 0, 'C0000005'),
    ('R0000029', '2025-06-11', 0, 'C0000018'),
    ('R0000030', '2025-06-13', 0, 'C0000007'),

    ('R0000031', '2025-07-01', 0, 'C0000002'),
    ('R0000032', '2025-07-03', 0, 'C0000003'),
    ('R0000033', '2025-07-03', 0, 'C0000003'),
    ('R0000034', '2025-07-02', 0, 'C0000004'),
    ('R0000035', '2025-07-02', 0, 'C0000005'),
    ('R0000036', '2025-07-04', 0, 'C0000006'),
    ('R0000037', '2025-07-01', 0, 'C0000007'),
    ('R0000038', '2025-07-01', 0, 'C0000008'),
    ('R0000039', '2025-07-03', 0, 'C0000009'),
    ('R0000040', '2025-07-03', 0, 'C0000010'),
    ('R0000041', '2025-07-03', 0, 'C0000002'),
    ('R0000042', '2025-07-04', 0, 'C0000002'),
    ('R0000043', '2025-07-04', 0, 'C0000003'),  
    ('R0000044', '2025-07-04', 0, 'C0000004'),
    ('R0000045', '2025-07-05', 0, 'C0000005'),
    ('R0000046', '2025-07-05', 0, 'C0000006'),
    ('R0000047', '2025-07-03', 0, 'C0000007'),
    ('R0000048', '2025-07-04', 0, 'C0000008'),
    ('R0000049', '2025-07-04', 0, 'C0000009'),
    ('R0000050', '2025-07-05', 0, 'C0000010'),
    ('R0000051', '2025-07-05', 0, 'C0000002'),
    ('R0000052', '2025-07-06', 0, 'C0000002'),
    ('R0000053', '2025-07-05', 0, 'C0000003'),
    ('R0000054', '2025-07-05', 0, 'C0000004'),
    ('R0000055', '2025-07-01', 0, 'C0000005'),
    ('R0000056', '2025-07-01', 0, 'C0000006'),
    ('R0000057', '2025-07-05', 0, 'C0000007'),
    ('R0000058', '2025-07-06', 0, 'C0000008'),
    ('R0000059', '2025-07-06', 0, 'C0000009'),
    ('R0000060', '2025-07-01', 0, 'C0000010'),

    ('R0000061', '2025-07-03', 0.0, 'C0000011'),
	('R0000062', '2025-07-03', 0.0, 'C0000013'),
	('R0000063', '2025-07-03', 0.0, 'C0000014'),
	('R0000064', '2025-07-04', 0.0, 'C0000011'),
	('R0000065', '2025-07-04', 0.0, 'C0000015'),
	('R0000066', '2025-07-04', 0.0, 'C0000016'),
	('R0000067', '2025-07-04', 0.0, 'C0000018'),
	('R0000068', '2025-07-05', 0.0, 'C0000011'),
	('R0000069', '2025-07-05', 0.0, 'C0000014'),
	('R0000070', '2025-07-05', 0.0, 'C0000015'),
	('R0000071', '2025-07-02', 0.0, 'C0000011'),
	('R0000072', '2025-07-05', 0.0, 'C0000016'),
	('R0000073', '2025-07-06', 0.0, 'C0000020'),
	('R0000074', '2025-07-02', 0.0, 'C0000020'),
	('R0000075', '2025-07-03', 0.0, 'C0000016'),
	('R0000076', '2025-07-02', 0.0, 'C0000019'),
	('R0000077', '2025-07-04', 0.0, 'C0000019'),
	('R0000078', '2025-07-02', 0.0, 'C0000019'),
	('R0000079', '2025-07-05', 0.0, 'C0000013'),
	('R0000080', '2025-07-03', 0.0, 'C0000014'),
	('R0000081', '2025-07-03', 0.0, 'C0000016'),
	('R0000082', '2025-07-03', 0.0, 'C0000018'),
	('R0000083', '2025-07-04', 0.0, 'C0000020'),
	('R0000084', '2025-07-02', 0.0, 'C0000011'),
	('R0000085', '2025-07-04', 0.0, 'C0000013'),
	('R0000086', '2025-07-04', 0.0, 'C0000016'),
	('R0000087', '2025-07-05', 0.0, 'C0000015'),
	('R0000088', '2025-07-02', 0.0, 'C0000014'),
	('R0000089', '2025-07-03', 0.0, 'C0000013'),
	('R0000090', '2025-07-02', 0.0, 'C0000018'),

    ('R0000091', '2025-06-18', 0, 'C0000021'),
    ('R0000092', '2025-06-18', 0, 'C0000022'),
    ('R0000093', '2025-06-18', 0, 'C0000023'),
    ('R0000094', '2025-06-19', 0, 'C0000025'),
    ('R0000095', '2025-06-19', 0, 'C0000026'),
    ('R0000096', '2025-06-19', 0, 'C0000028'),
    ('R0000097', '2025-06-20', 0, 'C0000030'),
    ('R0000098', '2025-06-20', 0, 'C0000031'),
    ('R0000099', '2025-06-21', 0, 'C0000033'),
    ('R0000100', '2025-06-21', 0, 'C0000034'),
    ('R0000101', '2025-06-22', 0, 'C0000036'),
    ('R0000102', '2025-06-22', 0, 'C0000037'),
    ('R0000103', '2025-06-23', 0, 'C0000039'),
    ('R0000104', '2025-06-23', 0, 'C0000040'),
    ('R0000105', '2025-06-24', 0, 'C0000042'),
    ('R0000106', '2025-06-24', 0, 'C0000044'),
    ('R0000107', '2025-06-25', 0, 'C0000045'),
    ('R0000108', '2025-06-25', 0, 'C0000047'),
    ('R0000109', '2025-06-26', 0, 'C0000049'),
    ('R0000100', '2025-06-26', 0, 'C0000050'),
    ('R0000101', '2025-06-27', 0, 'C0000052'),
    ('R0000102', '2025-06-27', 0, 'C0000054'),
    ('R0000103', '2025-06-28', 0, 'C0000056'),
    ('R0000104', '2025-06-28', 0, 'C0000058');

INSERT INTO receipt_product (r_id, p_id, rp_price, rp_amount, rp_discount) VALUES
    ('R0000001', 'P0000001', 5000.00, 2, 0.00),
    ('R0000001', 'P0000003', 25000.00, 1, 0.00),
    ('R0000002', 'P0000002', 8000.00, 2, 0.00),
    ('R0000002', 'P0000016', 3000.00, 3, 0.00),
    ('R0000003', 'P0000007', 75000.00, 1, 0.10),
    ('R0000003', 'P0000010', 150000.00, 1, 0.00),
    ('R0000004', 'P0000017', 4000.00, 5, 0.00),
    ('R0000005', 'P0000005', 50000.00, 1, 0.00),
    ('R0000005', 'P0000013', 60000.00, 2, 0.00),
    ('R0000006', 'P0000006', 120000.00, 1, 0.15),
    ('R0000007', 'P0000001', 5000.00, 4, 0.00),
    ('R0000007', 'P0000002', 8000.00, 2, 0.00),
    ('R0000007', 'P0000016', 3000.00, 2, 0.00),
    ('R0000008', 'P0000011', 180000.00, 1, 0.00),
    ('R0000008', 'P0000010', 150000.00, 1, 0.00),
    ('R0000009', 'P0000018', 35000.00, 1, 0.00),
    ('R0000010', 'P0000004', 450000.00, 1, 0.25),
    ('R0000011', 'P0000011', 180000.00, 1, 0.20),
    ('R0000011', 'P0000013', 60000.00, 1, 0.00),
    ('R0000011', 'P0000001', 5000.00, 3, 0.00),
    ('R0000012', 'P0000008', 280000.00, 1, 0.00),
    ('R0000013', 'P0000001', 5000.00, 10, 0.10),
    ('R0000014', 'P0000012', 250000.00, 1, 0.20),
    ('R0000015', 'P0000019', 90000.00, 2, 0.00),
    ('R0000016', 'P0000003', 25000.00, 4, 0.15),
    ('R0000016', 'P0000002', 8000.00, 3, 0.00),
    ('R0000017', 'P0000014', 210000.00, 1, 0.00),
    ('R0000017', 'P0000007', 75000.00, 1, 0.00),
    ('R0000018', 'P0000020', 350000.00, 1, 0.30),
    ('R0000019', 'P0000009', 320000.00, 1, 0.00),
    ('R0000020', 'P0000001', 5000.00, 1, 0.00),
    ('R0000020', 'P0000002', 8000.00, 1, 0.00),
    ('R0000020', 'P0000016', 3000.00, 2, 0.00),
    ('R0000020', 'P0000017', 4000.00, 2, 0.00),
    ('R0000021', 'P0000010', 150000.00, 1, 0.00),
    ('R0000021', 'P0000011', 180000.00, 1, 0.00),
    ('R0000022', 'P0000007', 75000.00, 2, 0.10),
    ('R0000023', 'P0000015', 650000.00, 1, 0.50),
    ('R0000024', 'P0000005', 50000.00, 1, 0.00),
    ('R0000024', 'P0000018', 35000.00, 1, 0.00),
    ('R0000025', 'P0000013', 60000.00, 2, 0.00),
    ('R0000025', 'P0000001', 5000.00, 3, 0.00),
    ('R0000025', 'P0000016', 5, 3000.00, 0.00),
    ('R0000026', 'P0000017', 4000.00, 10, 0.20),
    ('R0000026', 'P0000001', 5000.00, 5, 0.00),
    ('R0000027', 'P0000006', 120000.00, 1, 0.00),
    ('R0000027', 'P0000019', 90000.00, 1, 0.00),
    ('R0000028', 'P0000001', 5000.00, 2, 0.00),
    ('R0000028', 'P0000002', 8000.00, 2, 0.00),
    ('R0000028', 'P0000003', 25000.00, 2, 0.00),
    ('R0000029', 'P0000002', 8000.00, 4, 0.15),
    ('R0000030', 'P0000003', 25000.00, 1, 0.00),
    ('R0000030', 'P0000007', 75000.00, 1, 0.00),
    ('R0000001', 'P0000016', 3000.00, 3, 0.00),
    ('R0000002', 'P0000005', 50000.00, 1, 0.00),
    ('R0000003', 'P0000001', 5000.00, 1, 0.00),
    ('R0000004', 'P0000008', 280000.00, 1, 0.25),
    ('R0000005', 'P0000020', 350000.00, 1, 0.00),
    ('R0000006', 'P0000011', 180000.00, 1, 0.00),
    ('R0000009', 'P0000014', 210000.00, 1, 0.20),
    ('R0000010', 'P0000001', 5000.00, 5, 0.00),
    ('R0000012', 'P0000013', 60000.00, 3, 0.00),
    ('R0000013', 'P0000009', 320000.00, 1, 0.30),
    ('R0000014', 'P0000010', 150000.00, 2, 0.15),
    ('R0000015', 'P0000017', 4000.00, 5, 0.00),
    ('R0000018', 'P0000001', 5000.00, 2, 0.00),
    ('R0000019', 'P0000002', 8000.00, 2, 0.00),
    ('R0000021', 'P0000003', 25000.00, 2, 0.00);

INSERT INTO membership_type_receipt (mtr_id, r_id, mt_id, mtr_month_amount, mtr_price_per_month) VALUES
    ('MTR00001', 'R0000014', 'MT000001', 1, 200000.00),
    ('MTR00002', 'R0000008', 'MT000002', 3, 300000.00),
    ('MTR00003', 'R0000003', 'MT000003', 6, 350000.00),
    ('MTR00004', 'R0000022', 'MT000001', 1, 200000.00),
    ('MTR00005', 'R0000001', 'MT000002', 6, 300000.00),
    ('MTR00006', 'R0000020', 'MT000001', 2, 200000.00),
    ('MTR00007', 'R0000012', 'MT000003', 6, 350000.00),
    ('MTR00008', 'R0000009', 'MT000002', 3, 300000.00),
    ('MTR00009', 'R0000018', 'MT000001', 3, 200000.00),
    ('MTR00010', 'R0000015', 'MT000001', 3, 200000.00),
    ('MTR00011', 'R0000006', 'MT000002', 6, 300000.00),
    ('MTR00012', 'R0000002', 'MT000001', 1, 200000.00),
    ('MTR00013', 'R0000021', 'MT000003', 6, 350000.00),
    ('MTR00014', 'R0000017', 'MT000001', 2, 200000.00),
    ('MTR00015', 'R0000010', 'MT000002', 6, 300000.00),
    ('MTR00016', 'R0000023', 'MT000002', 3, 300000.00),
    ('MTR00017', 'R0000019', 'MT000001', 3, 200000.00),
    ('MTR00018', 'R0000004', 'MT000003', 6, 350000.00),
    ('MTR00019', 'R0000013', 'MT000001', 1, 200000.00),
    ('MTR00020', 'R0000007', 'MT000002', 6, 300000.00),
    ('MTR00021', 'R0000091', 'MT000001', 1, 200000.00),
    ('MTR00022', 'R0000092', 'MT000002', 3, 300000.00),
    ('MTR00023', 'R0000093', 'MT000003', 6, 350000.00),
    ('MTR00024', 'R0000094', 'MT000001', 1, 200000.00),
    ('MTR00025', 'R0000095', 'MT000001', 2, 200000.00),
    ('MTR00026', 'R0000096', 'MT000002', 3, 300000.00),
    ('MTR00027', 'R0000097', 'MT000003', 12, 350000.00),
    ('MTR00028', 'R0000098', 'MT000002', 2, 300000.00),
    ('MTR00029', 'R0000099', 'MT000001', 1, 200000.00),
    ('MTR00030', 'R0000100', 'MT000002', 4, 300000.00),
    ('MTR00031', 'R0000101', 'MT000002', 3, 300000.00),
    ('MTR00032', 'R0000102', 'MT000003', 8, 350000.00),
    ('MTR00033', 'R0000103', 'MT000001', 1, 200000.00),
    ('MTR00034', 'R0000104', 'MT000001', 2, 200000.00),
    ('MTR00035', 'R0000105', 'MT000003', 6, 350000.00),
    ('MTR00036', 'R0000106', 'MT000002', 2, 300000.00),
    ('MTR00037', 'R0000107', 'MT000002', 3, 300000.00),
    ('MTR00038', 'R0000108', 'MT000001', 1, 200000.00),
    ('MTR00039', 'R0000109', 'MT000003', 12, 350000.00),
    ('MTR00040', 'R0000100', 'MT000001', 1, 200000.00),
    ('MTR00041', 'R0000101', 'MT000002', 3, 300000.00),
    ('MTR00042', 'R0000102', 'MT000002', 4, 300000.00),
    ('MTR00043', 'R0000103', 'MT000003', 9, 350000.00),
    ('MTR00044', 'R0000104', 'MT000001', 2, 200000.00);

INSERT INTO personal_trainer_receipt (pt_id, r_id, ptr_price_per_hour, ptr_hour_amount, ptr_discount) VALUES
    ('PT000001', 'R0000031', 250000.00, 2, 0.00),
    ('PT000002', 'R0000032', 275000.00, 1, 0.00),
    ('PT000001', 'R0000033', 250000.00, 2, 0.00),
    ('PT000002', 'R0000034', 275000.00, 2, 0.00),
    ('PT000002', 'R0000035', 275000.00, 2, 0.00),
    ('PT000002', 'R0000036', 275000.00, 2, 0.00),
    ('PT000003', 'R0000037', 260000.00, 2, 0.00),
    ('PT000003', 'R0000038', 260000.00, 1, 0.00),
    ('PT000003', 'R0000039', 260000.00, 1, 0.00),
    ('PT000003', 'R0000040', 260000.00, 1, 0.00),
    ('PT000002', 'R0000041', 275000.00, 2, 0.00),
    ('PT000002', 'R0000042', 275000.00, 2, 0.00),
    ('PT000002', 'R0000043', 275000.00, 1, 0.00),
    ('PT000003', 'R0000044', 260000.00, 1, 0.00),
    ('PT000003', 'R0000045', 260000.00, 1, 0.00),
    ('PT000003', 'R0000046', 260000.00, 2, 0.00),
    ('PT000004', 'R0000047', 280000.00, 2, 0.00),
    ('PT000003', 'R0000048', 260000.00, 2, 0.00),
    ('PT000003', 'R0000049', 260000.00, 1, 0.00),
    ('PT000003', 'R0000050', 260000.00, 1, 0.00),
    ('PT000004', 'R0000051', 280000.00, 2, 0.00),
    ('PT000004', 'R0000052', 280000.00, 2, 0.00),
    ('PT000004', 'R0000053', 280000.00, 1, 0.00),
    ('PT000005', 'R0000054', 300000.00, 2, 0.00),
    ('PT000005', 'R0000055', 300000.00, 2, 0.00),
    ('PT000004', 'R0000056', 280000.00, 2, 0.00),
    ('PT000006', 'R0000057', 310000.00, 1, 0.00),
    ('PT000006', 'R0000058', 310000.00, 2, 0.00),
    ('PT000005', 'R0000059', 300000.00, 2, 0.00),
    ('PT000007', 'R0000060', 250000.00, 1, 0.00),
    
    ('PT000007', 'R0000061', 250000.00, 2, 0.0),
	('PT000007', 'R0000062', 250000.00, 1, 0.0),
	('PT000007', 'R0000063', 250000.00, 1, 0.0),
	('PT000007', 'R0000064', 250000.00, 1, 0.0),
	('PT000007', 'R0000065', 250000.00, 2, 0.0),
	('PT000007', 'R0000066', 250000.00, 2, 0.0),
	('PT000007', 'R0000067', 250000.00, 2, 0.0),
	('PT000007', 'R0000068', 250000.00, 3, 0.0),
	('PT000007', 'R0000069', 250000.00, 2, 0.0),
	('PT000007', 'R0000070', 250000.00, 2, 0.0),
	('PT000008', 'R0000071', 290000.00, 2, 0.0),
	('PT000008', 'R0000072', 290000.00, 2, 0.0),
	('PT000008', 'R0000073', 290000.00, 1, 0.0),
	('PT000009', 'R0000074', 270000.00, 4, 0.0),
	('PT000009', 'R0000075', 270000.00, 1, 0.0),
	('PT000010', 'R0000076', 275000.00, 2, 0.0),
	('PT000010', 'R0000077', 275000.00, 2, 0.0),
	('PT000011', 'R0000078', 285000.00, 2, 0.0),
	('PT000011', 'R0000079', 285000.00, 1, 0.0),
	('PT000012', 'R0000080', 295000.00, 1, 0.0),
	('PT000013', 'R0000081', 265000.00, 2, 0.0),
	('PT000014', 'R0000082', 305000.00, 2, 0.0),
	('PT000014', 'R0000083', 305000.00, 2, 0.0),
	('PT000015', 'R0000084', 270000.00, 4, 0.0),
	('PT000015', 'R0000085', 270000.00, 2, 0.0),
	('PT000016', 'R0000086', 315000.00, 2, 0.0),
	('PT000017', 'R0000087', 280000.00, 1, 0.0),
	('PT000018', 'R0000088', 320000.00, 4, 0.0),
	('PT000019', 'R0000089', 290000.00, 1, 0.0),
	('PT000020', 'R0000090', 300000.00, 2, 0.0);
